DatawarehouseId,DimensionMemberId,ParentId,AttributePreId_1,AttributePreId_2,AttributePreId_3,AttributePreId_4,AttributePreId_5,DatawarehouseDimensionCode,DimensionMemberCode,ParentCode,Name,Attribute_1,Attribute_2,Attribute_3,Attribute_4,Attribute_5
30,,,,,,,,COUGRP,,,Country and Group,ISO code (3 char),ISO code (2 char),Name (20 char),Name (36 char),Name (100 char)
30,302779,,1,2,3,4,5,COUGRP,COU,,Country,,,Country,Country,Country
30,300085,302779,1,2,3,4,5,COUGRP,467,COU,Abu Dhabi,,,Abu Dhabi,Abu Dhabi,
30,300091,302779,1,2,3,4,5,COUGRP,512,COU,"Afghanistan, Islamic Republic of",AFG,AF,Afghanistan,Afghanistan,
30,300157,302779,1,2,3,4,5,COUGRP,914,COU,Albania,ALB,AL,Albania,Albania,
30,300163,302779,1,2,3,4,5,COUGRP,612,COU,Algeria,DZA,DZ,Algeria,Algeria,
30,300187,302779,1,2,3,4,5,COUGRP,859,COU,American Samoa,ASM,AS,American Samoa,American Samoa,
30,300199,302779,1,2,3,4,5,COUGRP,171,COU,Andorra,AND,AD,Andorra,Andorra,
30,300205,302779,1,2,3,4,5,COUGRP,614,COU,Angola,AGO,AO,Angola,Angola,
30,300211,302779,1,2,3,4,5,COUGRP,312,COU,Anguilla,AIA,AI,Anguilla,Anguilla,
30,300217,302779,1,2,3,4,5,COUGRP,311,COU,Antigua and Barbuda,ATG,AG,Antigua and Barbuda,Antigua and Barbuda,
30,300229,302779,1,2,3,4,5,COUGRP,213,COU,Argentina,ARG,AR,Argentina,Argentina,
30,300235,302779,1,2,3,4,5,COUGRP,911,COU,"Armenia, Republic of",ARM,AM,Armenia,Armenia,Republic of Armenia
30,300241,302779,1,2,3,4,5,COUGRP,314,COU,Aruba,ABW,AW,Aruba,Aruba,Kingdom of theÿNetherlands?Aruba
30,300283,302779,1,2,3,4,5,COUGRP,193,COU,Australia,AUS,AU,Australia,Australia,
30,300289,302779,1,2,3,4,5,COUGRP,122,COU,Austria,AUT,AT,Austria,Austria,
30,300295,302779,1,2,3,4,5,COUGRP,912,COU,"Azerbaijan, Republic of",AZE,AZ,Azerbaijan,Azerbaijan,Republic of Azerbaijan
30,300301,302779,1,2,3,4,5,COUGRP,313,COU,"Bahamas, The",BHS,BS,"Bahamas, The","Bahamas, The",
30,300307,302779,1,2,3,4,5,COUGRP,419,COU,"Bahrain, Kingdom of",BHR,BH,"Bahrain, Kingdom of","Bahrain, Kingdom of",
30,300313,302779,1,2,3,4,5,COUGRP,513,COU,Bangladesh,BGD,BD,Bangladesh,Bangladesh,
30,300319,302779,1,2,3,4,5,COUGRP,316,COU,Barbados,BRB,BB,Barbados,Barbados,
30,300343,302779,1,2,3,4,5,COUGRP,913,COU,Belarus,BLR,BY,Belarus,Belarus,Republic of Belarus
30,300349,302779,1,2,3,4,5,COUGRP,124,COU,Belgium,BEL,BE,Belgium,Belgium,Belgium
30,300355,302779,1,2,3,4,5,COUGRP,126,COU,Belgium-Luxembourg,,,Belgium-Luxembourg,Belgium-Luxembourg,
30,300337,302779,1,2,3,4,5,COUGRP,127,COU,Belgium-Luxembourg not specified,,,Bel-Lux n.s.,Belgium-Luxembourg not specified,
30,300361,302779,1,2,3,4,5,COUGRP,339,COU,Belize,BLZ,BZ,Belize,Belize,
30,300367,302779,1,2,3,4,5,COUGRP,638,COU,Benin,BEN,BJ,Benin,Benin,
30,300373,302779,1,2,3,4,5,COUGRP,319,COU,Bermuda,BMU,BM,Bermuda,Bermuda,
30,300379,302779,1,2,3,4,5,COUGRP,514,COU,Bhutan,BTN,BT,Bhutan,Bhutan,
30,300403,302779,1,2,3,4,5,COUGRP,218,COU,Bolivia,BOL,BO,Bolivia,Bolivia,
30,304451,302779,1,2,3,4,5,COUGRP,357,COU,"Bonaire, Sint Eustatius and Saba",,,,"Bonaire, Sint Eustatius and Saba","Bonaire, Sint Eustatius and Saba"
30,300409,302779,1,2,3,4,5,COUGRP,963,COU,Bosnia and Herzegovina,BIH,BA,Bosnia & Herzegovina,Bosnia and Herzegovina,
30,300415,302779,1,2,3,4,5,COUGRP,616,COU,Botswana,BWA,BW,Botswana,Botswana,
30,302965,302779,1,2,3,4,5,COUGRP,871,COU,Bouvet Island,,,Bouvet Island,Bouvet Island,Bouvet Island (Norway)
30,300433,302779,1,2,3,4,5,COUGRP,223,COU,Brazil,BRA,BR,Brazil,Brazil,
30,300445,302779,1,2,3,4,5,COUGRP,585,COU,British Indian Ocean Territory,,IO,Brit. Ind.Ocean Terr,British Indian Ocean Territory,
30,300427,302779,1,2,3,4,5,COUGRP,378,COU,British Overseas Territories,,1W,Br. Overseas Terr.,British Overseas Territories,
30,300475,302779,1,2,3,4,5,COUGRP,379,COU,British West Indies,,,British West Indies,British West Indies,
30,300481,302779,1,2,3,4,5,COUGRP,516,COU,Brunei Darussalam,BRN,BN,Brunei Darussalam,Brunei Darussalam,
30,300487,302779,1,2,3,4,5,COUGRP,918,COU,Bulgaria,BGR,BG,Bulgaria,Bulgaria,
30,300493,302779,1,2,3,4,5,COUGRP,748,COU,Burkina Faso,BFA,BF,Burkina Faso,Burkina Faso,
30,300499,302779,1,2,3,4,5,COUGRP,618,COU,Burundi,BDI,BI,Burundi,Burundi,
30,300535,302779,1,2,3,4,5,COUGRP,624,COU,Cabo Verde,CPV,CV,Cabo Verde,Cabo Verde,
30,300505,302779,1,2,3,4,5,COUGRP,522,COU,Cambodia,KHM,KH,Cambodia,Cambodia,
30,300511,302779,1,2,3,4,5,COUGRP,622,COU,Cameroon,CMR,CM,Cameroon,Cameroon,
30,300517,302779,1,2,3,4,5,COUGRP,156,COU,Canada,CAN,CA,Canada,Canada,
30,300523,302779,1,2,3,4,5,COUGRP,623,COU,Canary Islands,,,Canary Islands,Canary Islands,
30,300541,302779,1,2,3,4,5,COUGRP,377,COU,Cayman Islands,CYM,KY,Cayman Islands,Cayman Islands,
30,300559,302779,1,2,3,4,5,COUGRP,626,COU,Central African Republic,CAF,CF,Central African Republic,Central African Republic,
30,300565,302779,1,2,3,4,5,COUGRP,177,COU,Ceuta,,,Ceuta,Ceuta,
30,300571,302779,1,2,3,4,5,COUGRP,185,COU,Ceuta and Melilla,,,Ceuta and Melilla,Ceuta and Melilla,
30,300583,302779,1,2,3,4,5,COUGRP,628,COU,Chad,TCD,TD,Chad,Chad,
30,300589,302779,1,2,3,4,5,COUGRP,228,COU,Chile,CHL,CL,Chile,Chile,
30,300601,302779,1,2,3,4,5,COUGRP,532,COU,"China, P.R.: Hong Kong",HKG,HK,"China,P.R.:Hong Kong","China, P.R.: Hong Kong",
30,300607,302779,1,2,3,4,5,COUGRP,546,COU,"China, P.R.: Macao",MAC,MO,"China,P.R.:Macao","China,P.R.:Macao",
30,300595,302779,1,2,3,4,5,COUGRP,924,COU,"China, P.R.: Mainland",CHN,CN,"China,P.R.: Mainland","China, P.R.: Mainland",People?s Republic of China
30,300613,302779,1,2,3,4,5,COUGRP,814,COU,Christmas Island,,CX,Christmas Island,Christmas Island,
30,300655,302779,1,2,3,4,5,COUGRP,865,COU,Cocos (Keeling) Islands,,CC,Cocos Island,Cocos (Keeling) Islands,
30,300661,302779,1,2,3,4,5,COUGRP,233,COU,Colombia,COL,CO,Colombia,Colombia,
30,300673,302779,1,2,3,4,5,COUGRP,632,COU,Comoros,COM,KM,Comoros,Comoros,Federal Islamic Republic of the Comoros
30,300679,302779,1,2,3,4,5,COUGRP,636,COU,"Congo, Democratic Republic of",COD,CD,"Congo, Democratic Republic of","Congo, Democratic Republic of",Democratic Republic of the Congo
30,300685,302779,1,2,3,4,5,COUGRP,634,COU,"Congo, Republic of",COG,CG,"Congo, Republic of","Congo, Republic of",Republic of Congo
30,300691,302779,1,2,3,4,5,COUGRP,815,COU,Cook Islands,COK,CK,Cook Islands,Cook Islands,
30,300697,302779,1,2,3,4,5,COUGRP,238,COU,Costa Rica,CRI,CR,Costa Rica,Costa Rica,
30,300703,302779,1,2,3,4,5,COUGRP,662,COU,Cote d'Ivoire,CIV,CI,C“te d'Ivoire,C“te d'Ivoire,
30,300733,302779,1,2,3,4,5,COUGRP,960,COU,Croatia,HRV,HR,Croatia,Croatia,Republic of Croatia
30,300751,302779,1,2,3,4,5,COUGRP,928,COU,Cuba,CUB,CU,Cuba,Cuba,
30,300757,302779,1,2,3,4,5,COUGRP,354,COU,Curacao,,,Curacao,Curacao,
30,304403,302779,1,2,3,4,5,COUGRP,355,COU,Curacao & St. Maarten,,,,,Cura‡ao and Sint Maarten
30,300763,302779,1,2,3,4,5,COUGRP,423,COU,Cyprus,CYP,CY,Cyprus,Cyprus,
30,300769,302779,1,2,3,4,5,COUGRP,935,COU,Czech Republic,CZE,CZ,Czech Republic,Czech Republic,
30,300775,302779,1,2,3,4,5,COUGRP,934,COU,Czechoslovakia,CSK,,Czechoslovakia,Czechoslovakia,
30,300781,302779,1,2,3,4,5,COUGRP,937,COU,Czechoslovakia not specified,,,Czechoslovakia n.s.,Czechoslovakia not specified,
30,300787,302779,1,2,3,4,5,COUGRP,128,COU,Denmark,DNK,DK,Denmark,Denmark,
30,303803,302779,1,2,3,4,5,COUGRP,R197,COU,Developed Countries not specified,,,Developed cntries ns,Developed countries not specified,
30,300829,302779,1,2,3,4,5,COUGRP,611,COU,Djibouti,DJI,DJ,Djibouti,Djibouti,
30,300835,302779,1,2,3,4,5,COUGRP,321,COU,Dominica,DMA,DM,Dominica,Dominica,
30,300841,302779,1,2,3,4,5,COUGRP,243,COU,Dominican Republic,DOM,DO,Dominican Republic,Dominican Republic,
30,300847,302779,1,2,3,4,5,COUGRP,465,COU,Dubai,,,Dubai,Dubai,
30,300865,302779,1,2,3,4,5,COUGRP,938,COU,Eastern Germany,,,Eastern Germany,Eastern Germany,
30,300883,302779,1,2,3,4,5,COUGRP,248,COU,Ecuador,ECU,EC,Ecuador,Ecuador,
30,300889,302779,1,2,3,4,5,COUGRP,469,COU,Egypt,EGY,EG,Egypt,Egypt,Arab Republic of Egypt
30,300895,302779,1,2,3,4,5,COUGRP,253,COU,El Salvador,SLV,SV,El Salvador,El Salvador,
30,300919,302779,1,2,3,4,5,COUGRP,642,COU,Equatorial Guinea,GNQ,GQ,Equatorial Guinea,Equatorial Guinea,
30,300925,302779,1,2,3,4,5,COUGRP,643,COU,Eritrea,ERI,ER,Eritrea,Eritrea,
30,300931,302779,1,2,3,4,5,COUGRP,939,COU,Estonia,EST,EE,Estonia,Estonia,Republic of Estonia
30,300937,302779,1,2,3,4,5,COUGRP,644,COU,Ethiopia,ETH,ET,Ethiopia,Ethiopia,
30,300949,302779,1,2,3,4,5,COUGRP,163,COU,Euro Area,EMU,U2,Euro Area,Euro Area,Euro Area (aggregated with Eurostat definition)
30,301015,302779,1,2,3,4,5,COUGRP,323,COU,Falkland Islands,FLK,FK,Falkland Islands,Falkland Islands,
30,301021,302779,1,2,3,4,5,COUGRP,816,COU,Faroe Islands,FRO,FO,Faroe Islands,Faroe Islands,Faroe Islands
30,301027,302779,1,2,3,4,5,COUGRP,819,COU,Fiji,FJI,FJ,Fiji,Fiji,
30,301033,302779,1,2,3,4,5,COUGRP,172,COU,Finland,FIN,FI,Finland,Finland,
30,303785,302779,1,2,3,4,5,COUGRP,R965,COU,Former Serbia and Montenegro not specified,,,F.Serbia&Monten.n.s.,Former Serbia&Montenegro not spec.,
30,301057,302779,1,2,3,4,5,COUGRP,132,COU,France,FRA,FR,France,France,
30,301051,302779,1,2,3,4,5,COUGRP,876,COU,French Southern Territories,,TF,Fr.So.Antarc.Tr.,French Southern Territories,
30,301069,302779,1,2,3,4,5,COUGRP,887,COU,French Territories: French Polynesia,PYF,PF,French Polynesia,French Territories: French Polynesia,French Polynesia
30,301705,302779,1,2,3,4,5,COUGRP,839,COU,French Territories: New Caledonia,NCL,NC,New Caledonia,French Territories: New Caledonia,New Caledonia
30,301081,302779,1,2,3,4,5,COUGRP,646,COU,Gabon,GAB,GA,Gabon,Gabon,
30,301087,302779,1,2,3,4,5,COUGRP,648,COU,"Gambia, The",GMB,GM,"Gambia, The","Gambia, The",
30,301093,302779,1,2,3,4,5,COUGRP,915,COU,Georgia,GEO,GE,Georgia,Georgia,
30,301099,302779,1,2,3,4,5,COUGRP,134,COU,Germany,DEU,DE,Germany,Germany,
30,301105,302779,1,2,3,4,5,COUGRP,652,COU,Ghana,GHA,GH,Ghana,Ghana,
30,301111,302779,1,2,3,4,5,COUGRP,823,COU,Gibraltar,GIB,GI,Gibraltar,Gibraltar,
30,301123,302779,1,2,3,4,5,COUGRP,174,COU,Greece,GRC,GR,Greece,Greece,
30,301129,302779,1,2,3,4,5,COUGRP,326,COU,Greenland,GRL,GL,Greenland,Greenland,
30,301135,302779,1,2,3,4,5,COUGRP,328,COU,Grenada,GRD,GD,Grenada,Grenada,
30,301141,302779,1,2,3,4,5,COUGRP,329,COU,Guadeloupe,GLP,GP,Guadeloupe,Guadeloupe,
30,301147,302779,1,2,3,4,5,COUGRP,829,COU,Guam,GUM,GU,Guam,Guam,
30,301153,302779,1,2,3,4,5,COUGRP,258,COU,Guatemala,GTM,GT,Guatemala,Guatemala,
30,301159,302779,1,2,3,4,5,COUGRP,113,COU,Guernsey,GGY,GG,Guernsey,Guernsey,
30,301165,302779,1,2,3,4,5,COUGRP,333,COU,"Guiana, French",GUF,GF,"Guiana, French","Guiana, French",
30,301171,302779,1,2,3,4,5,COUGRP,656,COU,Guinea,GIN,GN,Guinea,Guinea,
30,301177,302779,1,2,3,4,5,COUGRP,654,COU,Guinea-Bissau,GNB,GW,Guinea-Bissau,Guinea-Bissau,
30,301183,302779,1,2,3,4,5,COUGRP,336,COU,Guyana,GUY,GY,Guyana,Guyana,
30,301189,302779,1,2,3,4,5,COUGRP,263,COU,Haiti,HTI,HT,Haiti,Haiti,
30,302845,302779,1,2,3,4,5,COUGRP,872,COU,Heard Island and McDonald Islands,,,Heard Island and McDonald Islands,Heard Island and McDonald Islands,Heard Island and McDonald Islands (Aus)
30,301207,302779,1,2,3,4,5,COUGRP,268,COU,Honduras,HND,HN,Honduras,Honduras,
30,301213,302779,1,2,3,4,5,COUGRP,944,COU,Hungary,HUN,HU,Hungary,Hungary,
30,301225,302779,1,2,3,4,5,COUGRP,176,COU,Iceland,ISL,IS,Iceland,Iceland,
30,301237,302779,1,2,3,4,5,COUGRP,534,COU,India,IND,IN,India,India,
30,301243,302779,1,2,3,4,5,COUGRP,536,COU,Indonesia,IDN,ID,Indonesia,Indonesia,
30,301279,302779,1,2,3,4,5,COUGRP,429,COU,"Iran, Islamic Republic of",IRN,IR,"Iran, I.R. of","Iran, Islamic Republic of",
30,301285,302779,1,2,3,4,5,COUGRP,433,COU,Iraq,IRQ,IQ,Iraq,Iraq,
30,301291,302779,1,2,3,4,5,COUGRP,178,COU,Ireland,IRL,IE,Ireland,Ireland,
30,301303,302779,1,2,3,4,5,COUGRP,118,COU,Isle of Man,IMN,IM,Isle of Man,Isle of Man,
30,301309,302779,1,2,3,4,5,COUGRP,436,COU,Israel,ISR,IL,Israel,Israel,
30,301315,302779,1,2,3,4,5,COUGRP,136,COU,Italy,ITA,IT,Italy,Italy,
30,301321,302779,1,2,3,4,5,COUGRP,343,COU,Jamaica,JAM,JM,Jamaica,Jamaica,
30,301327,302779,1,2,3,4,5,COUGRP,158,COU,Japan,JPN,JP,Japan,Japan,
30,301333,302779,1,2,3,4,5,COUGRP,117,COU,Jersey,JEY,JE,Jersey,Jersey,
30,301339,302779,1,2,3,4,5,COUGRP,439,COU,Jordan,JOR,JO,Jordan,Jordan,
30,301345,302779,1,2,3,4,5,COUGRP,916,COU,Kazakhstan,KAZ,KZ,Kazakhstan,Kazakhstan,Republic of Kazakhstan
30,301351,302779,1,2,3,4,5,COUGRP,664,COU,Kenya,KEN,KE,Kenya,Kenya,
30,301357,302779,1,2,3,4,5,COUGRP,826,COU,Kiribati,KIR,KI,Kiribati,Kiribati,
30,301369,302779,1,2,3,4,5,COUGRP,543,COU,"Korea, Dem. People's Republic of",PRK,KP,"Korea,Dem.Pple's Rep","Korea, Dem. People's Republic of",
30,301771,302779,1,2,3,4,5,COUGRP,954,COU,"Korea, Democratic People's Rep. of",,,North Korea,"Korea, Democratic People's Rep. of","Korea, Democratic People's Republic of"
30,301363,302779,1,2,3,4,5,COUGRP,542,COU,"Korea, Republic of",KOR,KR,Korea,"Korea, Republic of","Korea, Republic of"
30,301375,302779,1,2,3,4,5,COUGRP,967,COU,"Kosovo, Republic of",KOQ,KO,Kosovo,Kosovo,Kosovo
30,301381,302779,1,2,3,4,5,COUGRP,443,COU,Kuwait,KWT,KW,Kuwait,Kuwait,
30,301387,302779,1,2,3,4,5,COUGRP,917,COU,Kyrgyz Republic,KGZ,KG,Kyrgyz Republic,Kyrgyz Republic,
30,301393,302779,1,2,3,4,5,COUGRP,549,COU,Labuan (Malaysia),LAQ,,Labuan (Malaysia),Labuan (Malaysia),
30,301405,302779,1,2,3,4,5,COUGRP,544,COU,Lao People's Democratic Republic,LAO,LA,"Lao, P.D.R.","Lao, P.D.R.",Lao People's Democratic Republic
30,301429,302779,1,2,3,4,5,COUGRP,941,COU,Latvia,LVA,LV,Latvia,Latvia,Republic of Latvia
30,301435,302779,1,2,3,4,5,COUGRP,446,COU,Lebanon,LBN,LB,Lebanon,Lebanon,
30,301441,302779,1,2,3,4,5,COUGRP,346,COU,Leeward Islands,,,Leeward Islands,Leeward Islands,
30,301447,302779,1,2,3,4,5,COUGRP,666,COU,Lesotho,LSO,LS,Lesotho,Lesotho,
30,301453,302779,1,2,3,4,5,COUGRP,668,COU,Liberia,LBR,LR,Liberia,Liberia,
30,301459,302779,1,2,3,4,5,COUGRP,672,COU,Libya,LBY,LY,Libya,Libya,Socialist People?s Libyan Arab Jamahiriya
30,301465,302779,1,2,3,4,5,COUGRP,147,COU,Liechtenstein,LIE,LI,Liechtenstein,Liechtenstein,
30,301471,302779,1,2,3,4,5,COUGRP,946,COU,Lithuania,LTU,LT,Lithuania,Lithuania,Republic of Lithuania
30,301477,302779,1,2,3,4,5,COUGRP,137,COU,Luxembourg,LUX,LU,Luxembourg,Luxembourg,
30,301483,302779,1,2,3,4,5,COUGRP,962,COU,"Macedonia, FYR",MKD,MK,"Macedonia, FYR","Macedonia, FYR","Macedonia, former Yugoslav Republic of"
30,301489,302779,1,2,3,4,5,COUGRP,674,COU,Madagascar,MDG,MG,Madagascar,Madagascar,Republic of Madagascar ÿ
30,301495,302779,1,2,3,4,5,COUGRP,676,COU,Malawi,MWI,MW,Malawi,Malawi,
30,301501,302779,1,2,3,4,5,COUGRP,548,COU,Malaysia,MYS,MY,Malaysia,Malaysia,
30,301507,302779,1,2,3,4,5,COUGRP,554,COU,"Malaysia, West",,,"Malaysia, West","Malaysia, West",
30,301513,302779,1,2,3,4,5,COUGRP,552,COU,Malaysia-Singapore,,,Malaysia-Singapore,Malaysia-Singapore,
30,301519,302779,1,2,3,4,5,COUGRP,556,COU,Maldives,MDV,MV,Maldives,Maldives,
30,301525,302779,1,2,3,4,5,COUGRP,678,COU,Mali,MLI,ML,Mali,Mali,
30,301531,302779,1,2,3,4,5,COUGRP,181,COU,Malta,MLT,MT,Malta,Malta,
30,301537,302779,1,2,3,4,5,COUGRP,867,COU,"Marshall Islands, Republic of",MHL,MH,"Marshall Islands,Rep","Marshall Islands, Republic of",Republic of the Marshall Islands
30,301543,302779,1,2,3,4,5,COUGRP,349,COU,Martinique,MTQ,MQ,Martinique,Martinique,
30,301549,302779,1,2,3,4,5,COUGRP,682,COU,Mauritania,MRT,MR,Mauritania,Mauritania,Islamic Republic of Mauritania
30,301555,302779,1,2,3,4,5,COUGRP,684,COU,Mauritius,MUS,MU,Mauritius,Mauritius,Republic of Mauritius
30,301561,302779,1,2,3,4,5,COUGRP,920,COU,Mayotte,,YT,Mayotte,Mayotte,
30,301573,302779,1,2,3,4,5,COUGRP,179,COU,Melilla,,,Melilla,Melilla,
30,301579,302779,1,2,3,4,5,COUGRP,273,COU,Mexico,MEX,MX,Mexico,Mexico,
30,301585,302779,1,2,3,4,5,COUGRP,868,COU,"Micronesia, Federated States of",FSM,FM,"Micronesia, Fed.Sts.","Micronesia, Federated States of",
30,301621,302779,1,2,3,4,5,COUGRP,921,COU,Moldova,MDA,MD,Moldova,Moldova,Republic of Moldova
30,301627,302779,1,2,3,4,5,COUGRP,183,COU,Monaco,MCO,MC,Monaco,Monaco,
30,301633,302779,1,2,3,4,5,COUGRP,948,COU,Mongolia,MNG,MN,Mongolia,Mongolia,
30,301639,302779,1,2,3,4,5,COUGRP,943,COU,Montenegro,MNE,ME,Montenegro,Montenegro,Montenegro
30,301645,302779,1,2,3,4,5,COUGRP,351,COU,Montserrat,MSR,MS,Montserrat,Montserrat,
30,301651,302779,1,2,3,4,5,COUGRP,686,COU,Morocco,MAR,MA,Morocco,Morocco,
30,301657,302779,1,2,3,4,5,COUGRP,688,COU,Mozambique,MOZ,MZ,Mozambique,Mozambique,Republic of Mozambique
30,301663,302779,1,2,3,4,5,COUGRP,518,COU,Myanmar,MMR,MM,Myanmar,Myanmar,
30,301675,302779,1,2,3,4,5,COUGRP,728,COU,Namibia,NAM,NA,Namibia,Namibia,
30,301681,302779,1,2,3,4,5,COUGRP,836,COU,Nauru,NRU,NR,Nauru,Nauru,
30,301687,302779,1,2,3,4,5,COUGRP,558,COU,Nepal,NPL,NP,Nepal,Nepal,
30,301693,302779,1,2,3,4,5,COUGRP,138,COU,Netherlands,NLD,NL,Netherlands,Netherlands,Kingdom of the Netherlands?Netherlands
30,301699,302779,1,2,3,4,5,COUGRP,353,COU,Netherlands Antilles,ANT,AN,Netherlands Antilles,Netherlands Antilles,Kingdom of the Netherlands?Netherlands Antilles
30,301711,302779,1,2,3,4,5,COUGRP,196,COU,New Zealand,NZL,NZ,New Zealand,New Zealand,
30,301717,302779,1,2,3,4,5,COUGRP,278,COU,Nicaragua,NIC,NI,Nicaragua,Nicaragua,
30,301723,302779,1,2,3,4,5,COUGRP,692,COU,Niger,NER,NE,Niger,Niger,
30,301729,302779,1,2,3,4,5,COUGRP,694,COU,Nigeria,NGA,NG,Nigeria,Nigeria,
30,301735,302779,1,2,3,4,5,COUGRP,851,COU,Niue,NIU,NU,Niue,Niue,
30,301765,302779,1,2,3,4,5,COUGRP,849,COU,Norfolk Island,NFK,NF,Norfolk Island,Norfolk Island,
30,301777,302779,1,2,3,4,5,COUGRP,958,COU,North Vietnam,,,North Vietnam,North Vietnam,
30,301789,302779,1,2,3,4,5,COUGRP,114,COU,Northern Ireland,,,Northern Ireland,Northern Ireland,
30,301795,302779,1,2,3,4,5,COUGRP,817,COU,Northern Mariana Isl,MNP,MP,Northern Mariana Isl,Northern Mariana Isl,
30,301801,302779,1,2,3,4,5,COUGRP,142,COU,Norway,NOR,NO,Norway,Norway,
30,301861,302779,1,2,3,4,5,COUGRP,449,COU,Oman,OMN,OM,Oman,Oman,
30,301915,302779,1,2,3,4,5,COUGRP,564,COU,Pakistan,PAK,PK,Pakistan,Pakistan,
30,301921,302779,1,2,3,4,5,COUGRP,565,COU,Palau,PLW,PW,Palau,Palau,Republic of Palau
30,301927,302779,1,2,3,4,5,COUGRP,283,COU,Panama,PAN,PA,Panama,Panama,
30,301933,302779,1,2,3,4,5,COUGRP,356,COU,Panama Canal Zone,,,Panama Canal Zone,Panama Canal Zone,
30,301939,302779,1,2,3,4,5,COUGRP,853,COU,Papua New Guinea,PNG,PG,Papua New Guinea,Papua New Guinea,
30,301945,302779,1,2,3,4,5,COUGRP,288,COU,Paraguay,PRY,PY,Paraguay,Paraguay,
30,301951,302779,1,2,3,4,5,COUGRP,293,COU,Peru,PER,PE,Peru,Peru,
30,301957,302779,1,2,3,4,5,COUGRP,566,COU,Philippines,PHL,PH,Philippines,Philippines,
30,301963,302779,1,2,3,4,5,COUGRP,863,COU,Pitcairn Islands,PCN,PN,Pitcairn Islands,Pitcairn Islands,
30,301969,302779,1,2,3,4,5,COUGRP,964,COU,Poland,POL,PL,Poland,Poland,Republic of Poland
30,301975,302779,1,2,3,4,5,COUGRP,182,COU,Portugal,PRT,PT,Portugal,Portugal,
30,301993,302779,1,2,3,4,5,COUGRP,359,COU,Puerto Rico,PRI,PR,Puerto Rico,Puerto Rico,
30,301999,302779,1,2,3,4,5,COUGRP,453,COU,Qatar,QAT,QA,Qatar,Qatar,
30,302011,302779,1,2,3,4,5,COUGRP,696,COU,Reunion,REU,RE,R‚union,Reunion,
30,302023,302779,1,2,3,4,5,COUGRP,968,COU,Romania,ROM,RO,Romania,Romania,
30,302029,302779,1,2,3,4,5,COUGRP,922,COU,Russian Federation,RUS,RU,Russia,Russian Federation,Russian Federation
30,302035,302779,1,2,3,4,5,COUGRP,714,COU,Rwanda,RWA,RW,Rwanda,Rwanda,
30,302041,302779,1,2,3,4,5,COUGRP,568,COU,Ryukyus,,,Ryukyus,Ryukyus,
30,302047,302779,1,2,3,4,5,COUGRP,572,COU,Sabah,,,Sabah,Sabah,
30,302215,302779,1,2,3,4,5,COUGRP,856,COU,Saint Helena,SHN,SH,St. Helena,Saint Helena,
30,302233,302779,1,2,3,4,5,COUGRP,363,COU,Saint Pierre and Miquelon,SPM,PM,St. Pierre-Miquelon,Saint Pierre and Miquelon,
30,302077,302779,1,2,3,4,5,COUGRP,862,COU,Samoa,WSM,WS,Samoa,Samoa,
30,302083,302779,1,2,3,4,5,COUGRP,135,COU,San Marino,SMR,SM,San Marino,San Marino,Republic of San Marino
30,302089,302779,1,2,3,4,5,COUGRP,716,COU,Sao Tome and Principe,STP,ST,Sao Tom‚ and Principe,Sao Tom‚ and Principe,
30,302095,302779,1,2,3,4,5,COUGRP,574,COU,Sarawak,,,Sarawak,Sarawak,
30,302101,302779,1,2,3,4,5,COUGRP,456,COU,Saudi Arabia,SAU,SA,Saudi Arabia,Saudi Arabia,
30,302113,302779,1,2,3,4,5,COUGRP,722,COU,Senegal,SEN,SN,Senegal,Senegal,
30,302119,302779,1,2,3,4,5,COUGRP,965,COU,Serbia and Montenegro,SCG,CS,Serbia & Montenegro,Serbia and Montenegro,Serbia and Montenegro
30,304589,302779,1,2,3,4,5,COUGRP,945,COU,Serbia Montenegro not specified,,,Serbia Montenegro n.s.,Serbia Montenegro not specified,Serbia Montenegro ns
30,302125,302779,1,2,3,4,5,COUGRP,942,COU,"Serbia, Republic of",SRB,RS,"Serbia, Republic of","Serbia, Republic of","Serbia, Republic of"
30,302131,302779,1,2,3,4,5,COUGRP,718,COU,Seychelles,SYC,SC,Seychelles,Seychelles,Republic of Seychelles
30,302137,302779,1,2,3,4,5,COUGRP,468,COU,Sharjah,,,Sharjah,Sharjah,
30,302143,302779,1,2,3,4,5,COUGRP,724,COU,Sierra Leone,SLE,SL,Sierra Leone,Sierra Leone,
30,302149,302779,1,2,3,4,5,COUGRP,576,COU,Singapore,SGP,SG,Singapore,Singapore,
30,304385,302779,1,2,3,4,5,COUGRP,352,COU,Sint Maarten,,,,,Sint Maarten
30,302155,302779,1,2,3,4,5,COUGRP,936,COU,Slovak Republic,SVK,SK,Slovak Republic,Slovak Republic,
30,302161,302779,1,2,3,4,5,COUGRP,961,COU,Slovenia,SVN,SI,Slovenia,Slovenia,Republic of Slovenia
30,302167,302779,1,2,3,4,5,COUGRP,813,COU,Solomon Islands,SLB,SB,Solomon Islands,Solomon Islands,
30,302173,302779,1,2,3,4,5,COUGRP,726,COU,Somalia,SOM,SO,Somalia,Somalia,
30,302179,302779,1,2,3,4,5,COUGRP,199,COU,South Africa,ZAF,ZA,South Africa,South Africa,
30,302851,302779,1,2,3,4,5,COUGRP,873,COU,South Georgia and Sandwich Islands,,,South Georgia and Sandwich Islands,South Georgia and Sandwich Islands,South Georgia and Sandwich Islands (Falk Is)
30,304475,302779,1,2,3,4,5,COUGRP,733,COU,South Sudan,SSD,SS,South Sudan,South Sudan,Republic of South Sudan
30,302185,302779,1,2,3,4,5,COUGRP,184,COU,Spain,ESP,ES,Spain,Spain,
30,302191,302779,1,2,3,4,5,COUGRP,797,COU,Spanish Africa,,,Spanish Africa,Spanish Africa,
30,302197,302779,1,2,3,4,5,COUGRP,798,COU,Spanish Sahara,,,Spanish Sahara,Spanish Sahara,
30,302209,302779,1,2,3,4,5,COUGRP,524,COU,Sri Lanka,LKA,LK,Sri Lanka,Sri Lanka,
30,302221,302779,1,2,3,4,5,COUGRP,361,COU,St. Kitts and Nevis,KNA,KN,St. Kitts and Nevis,St. Kitts and Nevis,
30,302227,302779,1,2,3,4,5,COUGRP,362,COU,St. Lucia,LCA,LC,St. Lucia,St. Lucia,
30,302239,302779,1,2,3,4,5,COUGRP,364,COU,St. Vincent and the Grenadines,VCT,VC,St. Vincent and the Grenadines,St. Vincent and the Grenadines,
30,302257,302779,1,2,3,4,5,COUGRP,732,COU,Sudan,SDN,SD,Sudan,Sudan,
30,302263,302779,1,2,3,4,5,COUGRP,366,COU,Suriname,SUR,SR,Suriname,Suriname,
30,302269,302779,1,2,3,4,5,COUGRP,141,COU,Svalbard Jan Mayen Islands,SJM,SJ,Svalbard Jan May.Isl,Svalbard Jan Mayen Islands,
30,302275,302779,1,2,3,4,5,COUGRP,734,COU,Swaziland,SWZ,SZ,Swaziland,Swaziland,
30,302281,302779,1,2,3,4,5,COUGRP,144,COU,Sweden,SWE,SE,Sweden,Sweden,
30,302287,302779,1,2,3,4,5,COUGRP,146,COU,Switzerland,CHE,CH,Switzerland,Switzerland,
30,302293,302779,1,2,3,4,5,COUGRP,463,COU,Syrian Arab Republic,SYR,SY,Syrian Arab Republic,Syrian Arab Republic,
30,302299,302779,1,2,3,4,5,COUGRP,528,COU,Taiwan Province of China,TWN,TW,Taiwan Prov.of China,Taiwan Province of China,
30,302305,302779,1,2,3,4,5,COUGRP,923,COU,Tajikistan,TJK,TJ,Tajikistan,Tajikistan,Republic of Tajikistan
30,302311,302779,1,2,3,4,5,COUGRP,738,COU,Tanzania,TZA,TZ,Tanzania,Tanzania,
30,302317,302779,1,2,3,4,5,COUGRP,578,COU,Thailand,THA,TH,Thailand,Thailand,
30,302323,302779,1,2,3,4,5,COUGRP,579,COU,Timor,TMP,TP,Timor,Timor,
30,302329,302779,1,2,3,4,5,COUGRP,537,COU,"Timor-Leste, Dem. Rep. of",TLS,TL,"Timor-Leste, Dem. Rep. of",Timor Leste,The Democratic Republic of Timor-Leste
30,302335,302779,1,2,3,4,5,COUGRP,742,COU,Togo,TGO,TG,Togo,Togo,
30,302341,302779,1,2,3,4,5,COUGRP,818,COU,Tokelau Islands,TKL,TK,Tokelau Islands,Tokelau Islands,
30,302347,302779,1,2,3,4,5,COUGRP,866,COU,Tonga,TON,TO,Tonga,Tonga,
30,302365,302779,1,2,3,4,5,COUGRP,369,COU,Trinidad and Tobago,TTO,TT,Trinidad and Tobago,Trinidad and Tobago,
30,302371,302779,1,2,3,4,5,COUGRP,744,COU,Tunisia,TUN,TN,Tunisia,Tunisia,
30,302377,302779,1,2,3,4,5,COUGRP,186,COU,Turkey,TUR,TR,Turkey,Turkey,
30,302383,302779,1,2,3,4,5,COUGRP,925,COU,Turkmenistan,TKM,TM,Turkmenistan,Turkmenistan,
30,302389,302779,1,2,3,4,5,COUGRP,381,COU,Turks and Caicos Islands,TCA,TC,Turks & Caicos Isl,Turks and Caicos Islands,
30,302395,302779,1,2,3,4,5,COUGRP,869,COU,Tuvalu,TUV,TV,Tuvalu,Tuvalu,
30,302407,302779,1,2,3,4,5,COUGRP,974,COU,U.S.S.R.,,,U.S.S.R.,U.S.S.R.,
30,302413,302779,1,2,3,4,5,COUGRP,930,COU,U.S.S.R. not specified,,,U.S.S.R. n.s.,U.S.S.R. not specified,
30,302419,302779,1,2,3,4,5,COUGRP,746,COU,Uganda,UGA,UG,Uganda,Uganda,
30,303725,302779,1,2,3,4,5,COUGRP,112I,COU,UK including Islands,,,UK incl. islands,UK including Islands,
30,302425,302779,1,2,3,4,5,COUGRP,926,COU,Ukraine,UKR,UA,Ukraine,Ukraine,
30,302449,302779,1,2,3,4,5,COUGRP,466,COU,United Arab Emirates,ARE,AE,United Arab Emirates,United Arab Emirates,
30,302455,302779,1,2,3,4,5,COUGRP,112,COU,United Kingdom,GBR,GB,United Kingdom,United Kingdom,
30,302461,302779,1,2,3,4,5,COUGRP,111,COU,United States,USA,US,United States,United States,
30,303719,302779,1,2,3,4,5,COUGRP,111E,COU,United States excluding International banking facilities,,,USexcl.Int.Bank.Fac.,US excl. Int. Banking Facilities,
30,302467,302779,1,2,3,4,5,COUGRP,298,COU,Uruguay,URY,UY,Uruguay,Uruguay,
30,302473,302779,1,2,3,4,5,COUGRP,374,COU,US Pacific Islands,,PU,US Pacific Islands,US Pacific Islands,
30,302479,302779,1,2,3,4,5,COUGRP,877,COU,US Possession in Oceania,,UM,US Poss. in Oceania,US Possession in Oceania,
30,302401,302779,1,2,3,4,5,COUGRP,373,COU,US Virgin Islands,VIR,VI,U.S. Virgin Islands,U.S. Virgin Islands,
30,302485,302779,1,2,3,4,5,COUGRP,927,COU,Uzbekistan,UZB,UZ,Uzbekistan,Uzbekistan,Republic of Uzbekistan
30,302491,302779,1,2,3,4,5,COUGRP,846,COU,Vanuatu,VUT,VU,Vanuatu,Vanuatu,
30,302497,302779,1,2,3,4,5,COUGRP,187,COU,Vatican,VAT,VA,Vatican,Vatican,
30,302503,302779,1,2,3,4,5,COUGRP,299,COU,"Venezuela, Republica Bolivariana de",VEN,VE,"Venezuela, Rep. Bol.","Venezuela, Rep£blica Bolivariana de","Venezuela, Rep£blica Bolivariana de"
30,302509,302779,1,2,3,4,5,COUGRP,582,COU,Vietnam,VNM,VN,Vietnam,Vietnam,
30,300439,302779,1,2,3,4,5,COUGRP,371,COU,"Virgin Islands, British",VGB,VG,Brit Virgin Islands,"Virgin Islands, British",
30,302521,302779,1,2,3,4,5,COUGRP,861,COU,Wake Islands,,,Wake Islands,Wake Islands,
30,302527,302779,1,2,3,4,5,COUGRP,864,COU,Wallis,,,Wallis,Wallis,
30,302533,302779,1,2,3,4,5,COUGRP,857,COU,Wallis and Futuna,WLF,WF,Wallis-Futuna,Wallis and Futuna,
30,302539,302779,1,2,3,4,5,COUGRP,487,COU,West Bank and Gaza,PSE,PS,West Bank and Gaza,West Bank and Gaza,
30,302569,302779,1,2,3,4,5,COUGRP,793,COU,Western Sahara,,,Western Sahara,Western Sahara,
30,302575,302779,1,2,3,4,5,COUGRP,376,COU,Windward Islands,,,Windward Islands,Windward Islands,
30,302587,302779,1,2,3,4,5,COUGRP,473,COU,Yemen Arab Rep.,YEM,,Yemen Arab Rep.,Yemen Arab Rep.,
30,302593,302779,1,2,3,4,5,COUGRP,459,COU,"Yemen, P.D. Rep.",YMD,,"Yemen, P.D. Rep.","Yemen, P.D. Rep.",
30,302599,302779,1,2,3,4,5,COUGRP,474,COU,"Yemen, Republic of",YMN,YE,"Yemen, Republic of","Yemen, Republic of",
30,302605,302779,1,2,3,4,5,COUGRP,966,COU,Yugoslavia not specified,,,Yugoslavia n.s.,Yugoslavia not specified,
30,302611,302779,1,2,3,4,5,COUGRP,188,COU,"Yugoslavia, SFR",YUG,,"Yugoslavia, SFR","Yugoslavia, SFR",
30,302617,302779,1,2,3,4,5,COUGRP,754,COU,Zambia,ZMB,ZM,Zambia,Zambia,
30,302623,302779,1,2,3,4,5,COUGRP,698,COU,Zimbabwe,ZWE,ZW,Zimbabwe,Zimbabwe,
30,304607,302779,1,2,3,4,5,COUGRP,932,COU,Unspecified,,,Unspecified,,
30,302785,,1,2,3,4,5,COUGRP,GRP,,Regions and Groups,,,Group,Group,
30,303344,302785,1,2,3,4,5,COUGRP,693,GRP,AFR oil-importing countries excluding Sao Tome & Principe and Zimbabwe,,,,,
30,303350,302785,1,2,3,4,5,COUGRP,695,GRP,"AFR oil-importing countries excluding Sao Tome & Principe, Zimbabwe and South Africa",,,,,
30,304841,302785,1,2,3,4,5,COUGRP,031,GRP,World Minus 25 Significant Financial Centers,WCQ,,World (excl. 25 sign. Centers),World (excl. 25 significant Centers),
30,301267,302785,1,2,3,4,5,COUGRP,110,GRP,Advanced Economies,,,Advanced Economies,Advanced Economies,
30,304457,302785,1,2,3,4,5,COUGRP,148,GRP,Advanced Economies G20,,,Advanced Economies G20,Advanced Economies G20,
30,304493,302785,1,2,3,4,5,COUGRP,906,GRP,Advanced Europe,,,,,
30,303416,302785,1,2,3,4,5,COUGRP,725,GRP,AFR fixed exchange rate regime countries excluding Zimbabwe,,,,,
30,300097,302785,1,2,3,4,5,COUGRP,720,GRP,AFR Fixed exchange rate regime ctys,AFX,,AFR Fixed exchn rate,AFR Fixed exchange rate regime ctys,AFR Fixed exchange rate regime countries
30,303422,302785,1,2,3,4,5,COUGRP,727,GRP,AFR floating exchange rate regime excluding Sao Tome & Principe,,,,,
30,300103,302785,1,2,3,4,5,COUGRP,721,GRP,SSA floating exchange rate regime countries,QER,,AFR floating ex.rate,AFR floating exchn. rate regime ctys,AFR floating exchange rate regime countries
30,303392,302785,1,2,3,4,5,COUGRP,715,GRP,SSA fragile countries,,,,,
30,303404,302785,1,2,3,4,5,COUGRP,719,GRP,AFR fragile countries excluding Sao Tome & Principe,,,,,
30,303410,302785,1,2,3,4,5,COUGRP,723,GRP,AFR fragile countries excluding Sao Tome & Principe and Zimbabwe,,,,,
30,303398,302785,1,2,3,4,5,COUGRP,717,GRP,AFR fragile countries excluding Zimbabwe,,,,,
30,303380,302785,1,2,3,4,5,COUGRP,712,GRP,AFR Heavily Indebted Poor Countries,,,,,
30,303386,302785,1,2,3,4,5,COUGRP,713,GRP,AFR Heavily Indebted Poor Countries excluding Sao Tome,,,,,
30,300109,302785,1,2,3,4,5,COUGRP,709,GRP,AFR HIPC completion point countries,HIP,,AFR HIPC comp.,AFR HIPC completion point countries,
30,303290,302785,1,2,3,4,5,COUGRP,051,GRP,AFR landlocked non resource intensive countries excluding Zimbabwe,,,,,
30,303374,302785,1,2,3,4,5,COUGRP,704,GRP,SSA low-income countries,,,,,
30,303368,302785,1,2,3,4,5,COUGRP,703,GRP,SSA middle-income countries excluding South Africa,,,,,
30,303362,302785,1,2,3,4,5,COUGRP,702,GRP,SSA middle-income countries,,,,,
30,304145,302785,1,2,3,4,5,COUGRP,1050,GRP,AFR Non-resource intensive countries excluding Zimbabwe,,,,,
30,303356,302785,1,2,3,4,5,COUGRP,700,GRP,SSA oil-exporting countries excluding Nigeria,,,,,
30,303338,302785,1,2,3,4,5,COUGRP,691,GRP,AFR oil importing countries excluding South Africa and Zimbabwe,,,,,
30,303332,302785,1,2,3,4,5,COUGRP,690,GRP,AFR oil-importing countries excluding Zimbabwe,,,,,AFR Oil-Importing Countries excluding Zimbabwe
30,302791,302785,1,2,3,4,5,COUGRP,1815,GRP,AFR REO CFA franc zone,,,,AFR REO CFA franc zone,
30,302797,302785,1,2,3,4,5,COUGRP,822,GRP,AFR REO CFA franc zone CEMAC,,,,AFR REO CFA franc zone CEMAC,
30,302803,302785,1,2,3,4,5,COUGRP,821,GRP,AFR REO CFA franc zone WAEMU,,,,AFR REO CFA franc zone WAEMU,
30,302809,302785,1,2,3,4,5,COUGRP,831,GRP,AFR REO COMESA,,,,AFR REO COMESA,
30,302983,302785,1,2,3,4,5,COUGRP,811,GRP,AFR REO COMESA excluding Zimbabwe,,,,AFR REO COMESA excluding Zimbabwe,
30,302959,302785,1,2,3,4,5,COUGRP,870,GRP,AFR REO Countries in conflict,,,,AFR REO Countries in conflict,
30,304151,302785,1,2,3,4,5,COUGRP,2871,GRP,AFR REO Countries not in conflict,,,,AFR REO Countries not in conflict,
30,302929,302785,1,2,3,4,5,COUGRP,838,GRP,AFR REO East African Community (EAC-5),,,,AFR REO East African Community (EAC-5),
30,302815,302785,1,2,3,4,5,COUGRP,860,GRP,SSA fixed exchange rate regime countries,,,,AFR REO Fixed exchange rate regime,
30,303158,302785,1,2,3,4,5,COUGRP,1862,GRP,AFR REO Fixed exchange rate regime excluding Zimbabwe,,,,AFR REO Fixed exchange rate regime excluding Zimbabwe,
30,302821,302785,1,2,3,4,5,COUGRP,1861,GRP,AFR REO Floating exchange rate regime,,,,AFR REO Floating exchange rate regime,
30,302947,302785,1,2,3,4,5,COUGRP,852,GRP,AFR REO Fragile countries,,,,AFR REO Fragile countries,
30,303182,302785,1,2,3,4,5,COUGRP,1856,GRP,AFR REO Fragile countries excl. Sao Tome & Principe,,,,AFR REO Fragile countries excl. Sao Tome & Principe,
30,303188,302785,1,2,3,4,5,COUGRP,1857,GRP,AFR REO Fragile countries excl. Sao Tome & Principe and Zimbabwe,,,,AFR REO Fragile countries excl. Sao Tome & Principe and Zimbabwe,
30,302953,302785,1,2,3,4,5,COUGRP,855,GRP,AFR REO Fragile countries excluding Zimbabwe,,,,AFR REO Fragile countries excluding Zimbabwe,
30,302923,302785,1,2,3,4,5,COUGRP,835,GRP,AFR REO Heavily indebted poor countries (HIPC),,,,AFR REO Heavily indebted poor countries (HIPC),
30,302827,302785,1,2,3,4,5,COUGRP,834,GRP,AFR REO HIPC Initiative (completion point countries),,,,AFR REO HIPC Initiative (completion point countries),
30,303194,302785,1,2,3,4,5,COUGRP,1813,GRP,AFR REO Landlocked non-resource intensive countries excl. Zimbabwe,,,,AFR REO Landlocked non-resource intensive countries excl. Zimbabwe,
30,303170,302785,1,2,3,4,5,COUGRP,2851,GRP,AFR REO Low income countries,,,AFR REO Low income countries,AFR REO Low income countries,
30,302833,302785,1,2,3,4,5,COUGRP,833,GRP,AFR REO MDRI,,,,AFR REO MDRI,
30,302935,302785,1,2,3,4,5,COUGRP,850,GRP,AFR REO Middle-income countries,,,,AFR REO Middle-income countries,
30,302941,302785,1,2,3,4,5,COUGRP,854,GRP,AFR REO Middle-income countries excluding South Africa,,,,AFR REO Middle-income countries excluding South Africa,
30,302839,302785,1,2,3,4,5,COUGRP,874,GRP,AFR REO Non-resource intensive countries,,,,AFR REO Non-resource intensive countries,
30,304157,302785,1,2,3,4,5,COUGRP,1872,GRP,AFR REO Non-resource intensive countries coastal,,,,AFR REO Non-resource intensive countries coastal,
30,302989,302785,1,2,3,4,5,COUGRP,812,GRP,AFR REO Non-resource intensive countries excluding Zimbabwe,,,,AFR REO Non-resource intensive countries excluding Zimbabwe,
30,304163,302785,1,2,3,4,5,COUGRP,1873,GRP,AFR REO Non-resource intensive countries landlocked,,,,AFR REO Non-resource intensive countries landlocked,
30,303176,302785,1,2,3,4,5,COUGRP,1853,GRP,AFR REO Oil-exporting countries excluding Nigeria,,,,,
30,302917,302785,1,2,3,4,5,COUGRP,808,GRP,AFR REO Oil-importing countries excluding South Africa and Zimbabwe,,,,AFR REO Oil-importing countries excluding South Africa,
30,302971,302785,1,2,3,4,5,COUGRP,807,GRP,AFR REO Oil-importing countries excluding Zimbabwe,,,,AFR REO Oil-importing countries excluding Zimbabwe,
30,302857,302785,1,2,3,4,5,COUGRP,1823,GRP,AFR REO Resource intensive countries,,,,AFR REO Resource intensive countries,
30,303434,302785,1,2,3,4,5,COUGRP,042,GRP,AFR REO Resource intensive countries excluding Sao Tome & Principe,,,,,
30,302863,302785,1,2,3,4,5,COUGRP,824,GRP,"AFR REO Resource intensive countries, non-oil",,,,"AFR REO Resource intensive countries, non-oil",
30,302869,302785,1,2,3,4,5,COUGRP,830,GRP,AFR REO SADC,,,,AFR REO SADC,
30,302977,302785,1,2,3,4,5,COUGRP,809,GRP,AFR REO SADC excluding Zimbabwe,,,,AFR REO SADC excluding Zimbabwe,
30,303200,302785,1,2,3,4,5,COUGRP,1865,GRP,"AFR REO SSA excl. Nigeria, South Africa, Zimbabwe, and Sao Tome & Principe",,,,"AFR REO SSA excl. Nigeria, South Africa, Zimbabwe, and Sao Tome & Principe",
30,303212,302785,1,2,3,4,5,COUGRP,1864,GRP,AFR REO SSA excl. Sao Tome & Principe,,,,AFR REO SSA excl. Sao Tome & Principe,
30,303206,302785,1,2,3,4,5,COUGRP,1863,GRP,AFR REO SSA excl. Sao Tome & Principe and Zimbabwe,,,,AFR REO SSA excl. Sao Tome & Principe and Zimbabwe,
30,302875,302785,1,2,3,4,5,COUGRP,1800,GRP,AFR REO Sub-Saharan Africa (SSA),,,,AFR REO Sub-Saharan Africa,
30,302881,302785,1,2,3,4,5,COUGRP,1805,GRP,AFR REO Sub-Saharan Africa Excluding Nigeria and South Africa,,,,AFR REO Sub-Saharan Africa Excluding Nigeria and South Africa,
30,302887,302785,1,2,3,4,5,COUGRP,1826,GRP,"AFR REO Sub-Saharan Africa, Oil exporting countries",,,,"AFR REO Sub-Saharan Africa, Oil exporting countries",
30,302893,302785,1,2,3,4,5,COUGRP,827,GRP,"AFR REO Sub-Saharan Africa, Oil importing countries",,,,"AFR REO Sub-Saharan Africa, Oil importing countries",
30,300115,302785,1,2,3,4,5,COUGRP,761,GRP,Afrca and Middle East Not Specified (BIS),,,Afr&Mid.East ns(BIS),Afrca and Middle East Not Specified (BIS),
30,300133,302785,1,2,3,4,5,COUGRP,605,GRP,Africa,,E4,Africa,Africa,
30,303007,302785,1,2,3,4,5,COUGRP,6051,GRP,Africa (excluding Zimbabwe),,,,Africa (excluding Zimbabwe),
30,300145,302785,1,2,3,4,5,COUGRP,799,GRP,Africa not specified,,,Africa n.s.,Africa not specified,
30,302905,302785,1,2,3,4,5,COUGRP,16031,GRP,"Africa, Sub-Sahara (excluding Zimbabwe)",,,,"Africa, Sub-Sahara (excluding Zimbabwe)",
30,303043,302785,1,2,3,4,5,COUGRP,16151,GRP,Africa: Oil Imports excluding Zimbabwe,,,,Africa: Oil Imports excluding Zimbabwe,
30,303037,302785,1,2,3,4,5,COUGRP,16181,GRP,Africa: Southern Africa excluding Zimbabwe,,,,Africa: Southern Africa excluding Zimbabwe,
30,300169,302785,1,2,3,4,5,COUGRP,010,GRP,All Countries,,,All Countries,All Countries,
30,303815,302785,1,2,3,4,5,COUGRP,BIS3P,GRP,All countries (incl. Int. Org. and offshore centers),,,AllC+IntOrg&OffshC.,All cntries (incl.IntOrg&OffshCntrs),
30,303821,302785,1,2,3,4,5,COUGRP,BIS5J,GRP,All countries (incl. Int. Org. and offshore centers) + residents,,,AllC+IOrg&OffshC+res,AllC(incl.IntOrg&OffshCntrs)+res,
30,300175,302785,1,2,3,4,5,COUGRP,969,GRP,All Participants,,,All Participants,All Participants,
30,300181,302785,1,2,3,4,5,COUGRP,393,GRP,America not specified,,E7,America n.s.,America not specified,
30,300193,302785,1,2,3,4,5,COUGRP,210,GRP,Americas,,B2,Americas,Americas,
30,303284,302785,1,2,3,4,5,COUGRP,050,GRP,APEC,,,APEC,APEC,APEC
30,304001,302785,1,2,3,4,5,COUGRP,ARB,GRP,Arabia,,,,,
30,303152,302785,1,2,3,4,5,COUGRP,511,GRP,ASEAN-5,,,ASEAN-5,ASEAN-5,ASEAN-5
30,300259,302785,1,2,3,4,5,COUGRP,801,GRP,Asia & Pacific. not specified (BIS),,,Asia & Pac. ns (BIS),Asia & Pacific. not specified (BIS),
30,300901,302785,1,2,3,4,5,COUGRP,501,GRP,Asia (Excluding Japan),,,Asia (Excluding Japan),Asia (Excluding Japan),Emerging Asia (excluding Japan)
30,300277,302785,1,2,3,4,5,COUGRP,598,GRP,Asia not specified,,,Asia n.s.,Asia not specified,
30,303266,302785,1,2,3,4,5,COUGRP,H1240,GRP,Asia Pacific Rim,,,Asia Pacific Rim,Asia Pacific Rim,
30,303593,302785,1,2,3,4,5,COUGRP,595,GRP,Asia-14,,,Asia-14,Asia-14,
30,300325,302785,1,2,3,4,5,COUGRP,751,GRP,BCEAO,BCE,,BCEAO,BCEAO,
30,300331,302785,1,2,3,4,5,COUGRP,094,GRP,BEAC,BEA,,BEAC,BEAC,Bank of Central African States
30,303869,302785,1,2,3,4,5,COUGRP,BIS5T,GRP,BIS Currency reporting countries,,,BIS Currency rep. c.,BIS Currency reporting countries,
30,303827,302785,1,2,3,4,5,COUGRP,BIS3W,GRP,BIS Non-reporting developing Africa & Middle East,,,NonBISDevAfr&MidEast,BIS Non-rep. developing Afr.&MidEast,
30,303833,302785,1,2,3,4,5,COUGRP,BIS3X,GRP,BIS Non-reporting developing Asia & Pacific,,,NonBISDevAsia&Pacif.,BIS Non-rep. developing Asia&Pacific,
30,303839,302785,1,2,3,4,5,COUGRP,BIS3Y,GRP,BIS Non-reporting developing Europe,,,NonBISDevEurope,BIS Non-rep. developing Europe,
30,303845,302785,1,2,3,4,5,COUGRP,BIS3Z,GRP,BIS Non-reporting developing Latin America & Caribbean,,,NonBISDevLatAm&Carib,BIS Non-rep. developing LatAm&Carib.,
30,304391,302785,1,2,3,4,5,COUGRP,BISBQ,GRP,"Bonaire, Saint Eustatius and Saba",,,,,
30,300421,302785,1,2,3,4,5,COUGRP,885,GRP,Br Oceania not specified,,,Br Oceania n.s.,Br Oceania not specified,
30,300457,302785,1,2,3,4,5,COUGRP,792,GRP,British Africa not specified,,,British Africa n.s.,British Africa not specified,
30,300463,302785,1,2,3,4,5,COUGRP,586,GRP,British Asia not specified,,,British Asia n.s.,British Asia not specified,
30,300469,302785,1,2,3,4,5,COUGRP,893,GRP,British Countries not specified,,,British Countries ns,British Countries not specified,
30,300451,302785,1,2,3,4,5,COUGRP,483,GRP,British Middle East not specified,,,Brit.Middle East ns,British Middle East not specified,
30,300529,302785,1,2,3,4,5,COUGRP,023,GRP,Cap. Importing Countries,,,Cap. Importing Ctys,Cap. Importing Ctys,
30,303929,302785,1,2,3,4,5,COUGRP,949,GRP,Caucasus and Central Asia (CCA),,,CCA,Caucasus and Central Asia (CCA),
30,303995,302785,1,2,3,4,5,COUGRP,956,GRP,"Caucasus and Central Asia, Oil Exporters (CCAXOIL)",,,CCAXOIL,"Caucasus&Central Asia, Oil Exporters",
30,303989,302785,1,2,3,4,5,COUGRP,955,GRP,"Caucasus and Central Asia, Oil Importers (CCAOIL)",,,CCAOIL,"Caucasus&Central Asia, Oil Importers",
30,300547,302785,1,2,3,4,5,COUGRP,758,GRP,CEMAC,CMC,,CEMAC,CEMAC,Central African Economic and Monetary Community
30,302773,302785,1,2,3,4,5,COUGRP,904,GRP,Central and eastern Europe,,,,Central and eastern Europe,Central and Eastern Europe
30,304073,302785,1,2,3,4,5,COUGRP,509,GRP,Central and South Asia (CDIS),,,"CDIS, Cent./Sth Asia",Central and South Asia CDIS,Central and South Asia CDIS
30,300577,302785,1,2,3,4,5,COUGRP,609,GRP,CFA franc zone,,,CFA franc zone,CFA franc zone,
30,300637,302785,1,2,3,4,5,COUGRP,901,GRP,CIS,,,CIS,CIS,Commonwealth of Independent States
30,300643,302785,1,2,3,4,5,COUGRP,902,GRP,CIS (excluding Russia),,,CIS (exc.Russia),CIS (exc.Russia),
30,300649,302785,1,2,3,4,5,COUGRP,046,GRP,Coastal Non-Resource Intensive Cties,,,Coastal N.R.I Cties,Coastal Non-Resource Intensive Cties,Coastal Non-Resource Intensive Countries
30,300667,302785,1,2,3,4,5,COUGRP,762,GRP,Common Market of Eastern and Southern Africa (COMESA),,,COMESA,COMESA,COMESA
30,303445,302785,1,2,3,4,5,COUGRP,760,GRP,Common Market of Eastern and Southern Africa (COMESA) excluding Zimbabwe,,,,,
30,300631,302785,1,2,3,4,5,COUGRP,900,GRP,Commonwealth of Independent States (CIS),,,CIS,CIS,
30,300709,302785,1,2,3,4,5,COUGRP,898,GRP,"Countries & Areas, not specified",,,"Countries&Areas,n.s.","Countries&Areas, not specified",
30,300739,302785,1,2,3,4,5,COUGRP,701,GRP,Countries in Confl. SubSaharan Africa,,,Ctys Confl SubSahar,Ctys in Confl. SubSaharan Afr.,Countries in Conflict in Sub-Saharan Africa
30,300745,302785,1,2,3,4,5,COUGRP,905,GRP,Countries in Transition,,,Ctys in Transition,Countries in Transition,
30,303851,302785,1,2,3,4,5,COUGRP,BIS5N,GRP,Developed BIS non-reporting countries,,,DevelpdNonBISCntries,Developed BIS non-report. countries,
30,300805,302785,1,2,3,4,5,COUGRP,197,GRP,Developed Countries (BIS),,,Developed Ctys (BIS),Developed Ctys (BIS),
30,300121,302785,1,2,3,4,5,COUGRP,791,GRP,Developing Africa and Middle East,,,Devel.Afr.&Mid.East,Developing Africa and Middle East,
30,300253,302785,1,2,3,4,5,COUGRP,505,GRP,Emerging and Developing Asia,,F2,Emerging and Developing Asia,Emerging and Developing Asia,
30,300265,302785,1,2,3,4,5,COUGRP,805,GRP,Developing Asia and Pacific,,,Devel.Asia&Pacific,Developing Asia and Pacific,
30,302737,302785,1,2,3,4,5,COUGRP,504,GRP,Developing Asia excluding China and India (WEO),,,,Developing Asia excluding China and India (WEO),Developing Asia excluding China and India
30,300823,302785,1,2,3,4,5,COUGRP,212,GRP,Developing Countries (BIS),,,Developing Ctys(BIS),Developing Ctys(BIS),
30,300817,302785,1,2,3,4,5,COUGRP,202,GRP,Developing Countries (STA),,,Developing Countries,Developing Countries (STA),
30,300139,302785,1,2,3,4,5,COUGRP,607,GRP,Developing Countries: Africa (STA),,,Africa,Developing Countries: Africa (STA),AFRICA(FMR.STA ANALY.GRP;TEMP DOTS)
30,300793,302785,1,2,3,4,5,COUGRP,507,GRP,Developing Countries: Asia (STA),,,Dev. Ctys: Asia,Developing Countries: Asia (STA),
30,301609,302785,1,2,3,4,5,COUGRP,407,GRP,Developing Countries: Middle East (STA),,,Middle East,Developing Countries: Middle East (STA),Devel. Ctys: Middle East (FMR.STA ANALY.GP;TEMP DTS)
30,302713,302785,1,2,3,4,5,COUGRP,209,GRP,Developing Countries: net creditors,,,,Developing countries: net creditors,Net Creditor Countries
30,302677,302785,1,2,3,4,5,COUGRP,088,GRP,Developing Countries: net debtors,,,,Developing countries: net debtors,Other Net Debtor Countries
30,302563,302785,1,2,3,4,5,COUGRP,207,GRP,Developing Countries: Western Hem. (STA),,,Western Hemisphere,Developing Countries: Western Hem. (STA),WEST.HEM(FMR.STA ANALY.GRP;TEMP DT)
30,303857,302785,1,2,3,4,5,COUGRP,BIS3C,GRP,Developing Europe,,,Developing Europe,Developing Europe,
30,301417,302785,1,2,3,4,5,COUGRP,396,GRP,Developing Latin America and Caribbean,,,Devel.Lat.Am.&Carib.,Developing Latin America & Caribbean,
30,304007,302785,1,2,3,4,5,COUGRP,DVMK,GRP,Developing Markets,,,,,
30,300853,302785,1,2,3,4,5,COUGRP,639,GRP,East Africa,,,East Africa,East Africa,
30,303326,302785,1,2,3,4,5,COUGRP,619,GRP,East African Community (EAC -5),,,,,
30,304079,302785,1,2,3,4,5,COUGRP,510,GRP,East Asia (CDIS),,,"CDIS, East Asia",,East Asia CDIS
30,303242,302785,1,2,3,4,5,COUGRP,H260,GRP,East/Central Europe & W. Asia,,,,East/Central Europe & W. Asia,
30,300877,302785,1,2,3,4,5,COUGRP,309,GRP,Eastern Caribbean Currency Union,ECC,,ECCU,Eastern Caribbean Currency Union,Eastern Caribbean Currency Union
30,303887,302785,1,2,3,4,5,COUGRP,EEUR,GRP,Eastern Europe,,,Eastern Europe,Eastern Europe,
30,300859,302785,1,2,3,4,5,COUGRP,978,GRP,Eastern Europe not specified,,,Eastern Europe n.s.,Eastern Europe not specified,
30,304085,302785,1,2,3,4,5,COUGRP,451,GRP,Economies of Persian Gulf,,,,Economies of Persian Gulf,CDIS Countries of Persian Gulf
30,304595,302785,1,2,3,4,5,COUGRP,776,GRP,Economic Community of West African States (ECOWAS),,,ECOWAS,ECOWAS,
30,300811,302785,1,2,3,4,5,COUGRP,200,GRP,Emerging and Developing Countries,,,Emerging and Developing Countries,Emerging and Developing Countries,
30,300055,302785,1,2,3,4,5,COUGRP,503,GRP,Emerging Asia,,,Emerging Asia,Emerging Asia,
30,300907,302785,1,2,3,4,5,COUGRP,035,GRP,Emerging Economies,,,Emerging Economies,Emerging Economies,
30,304463,302785,1,2,3,4,5,COUGRP,149,GRP,Emerging Economies G20,,,Emerging Economies G20,Emerging Economies G20,
30,303122,302785,1,2,3,4,5,COUGRP,EMEUR,GRP,Emerging Europe,,,Emerging Europe,Emerging Europe,
30,303797,302785,1,2,3,4,5,COUGRP,REMEUR,GRP,Emerging Europe not specified,,,Emerg. Europe n.s.,Emerging Europe not specified,
30,304013,302785,1,2,3,4,5,COUGRP,EMAFR,GRP,Emerging Market Africa,,,,,
30,302755,302785,1,2,3,4,5,COUGRP,036,GRP,Emerging Market and developing countries including selected advanced economies,,,,Emerging market and developing countries including selected advanced economies,
30,302665,302785,1,2,3,4,5,COUGRP,404,GRP,Emerging Market and developing countries: Middle East including selected advanced economies,,,,Emerging market and developing countries: Middle East including selected advanced economies,
30,303461,302785,1,2,3,4,5,COUGRP,EMA,GRP,Emerging Market Asia,,,,,
30,303557,302785,1,2,3,4,5,COUGRP,EMBRADY,GRP,Emerging Market Brady Composite,,,,,
30,304019,302785,1,2,3,4,5,COUGRP,EMCEE,GRP,Emerging Market Central and Eastern Europe,,,,,
30,303563,302785,1,2,3,4,5,COUGRP,EMCOL,GRP,Emerging Market Collateralized Composite,,,,,
30,304025,302785,1,2,3,4,5,COUGRP,EMCIS,GRP,Emerging Market Commonwealth of Independent States,,,,,
30,303569,302785,1,2,3,4,5,COUGRP,EMCOMP,GRP,Emerging Market Composite,,,,,
30,303575,302785,1,2,3,4,5,COUGRP,EMCEAR,GRP,Emerging Market Composite excluding Argentina,,,,,
30,304031,302785,1,2,3,4,5,COUGRP,EMDA,GRP,Emerging Market Developing Asia,,,,,
30,303473,302785,1,2,3,4,5,COUGRP,EMEE,GRP,Emerging Market Eastern Europe,,,,,
30,300043,302785,1,2,3,4,5,COUGRP,705,GRP,Emerging Market economies excluding Singapore and Russia,,,,Emerging market economies excluding Singapore and Russia,"Europe, Middle East and Africa"
30,303467,302785,1,2,3,4,5,COUGRP,EMEME,GRP,Emerging Market Europe & Middle East,,,,,
30,303134,302785,1,2,3,4,5,COUGRP,EMFEMA,GRP,"Emerging Market Europe, Mid. East & Africa",,,"Emerging Markets Europe, Mid. East & Africa","Emerging Markets Europe, Mid. East & Africa",
30,303128,302785,1,2,3,4,5,COUGRP,EMFLAT,GRP,Emerging Market Latin America,,,Emerging Markets Latin America,Emerging Markets Latin America,
30,303581,302785,1,2,3,4,5,COUGRP,EMLOAN,GRP,Emerging Market Loan Composite,,,,,
30,304037,302785,1,2,3,4,5,COUGRP,EMME,GRP,Emerging Market Middle East,,,,,
30,304049,302785,1,2,3,4,5,COUGRP,EMMECA,GRP,Emerging Market Middle East and Central Asia,,,,,
30,304043,302785,1,2,3,4,5,COUGRP,EMMENA,GRP,Emerging Market Middle East and North Africa,,,,,
30,304847,302785,1,2,3,4,5,COUGRP,EMMENAP,GRP,Emerging Market Middle East and North Africa and Pakistan,,,Emerging Market Middle East and North Africa and Pakistan,Emerging Market Middle East and North Africa and Pakistan,
30,303140,302785,1,2,3,4,5,COUGRP,EMEA,GRP,"Emerging Market of Eastern Europe, Middle East, and Africa",,,"Eastern Europe, Middle East, and Africa","Eastern Europe, Middle East, and Africa",
30,304055,302785,1,2,3,4,5,COUGRP,EMSSA,GRP,Emerging Market Sub-Saharan Africa,,,,,
30,303587,302785,1,2,3,4,5,COUGRP,EMUNCOL,GRP,Emerging Market Uncollateralized Composite,,,,,
30,304061,302785,1,2,3,4,5,COUGRP,EMWH,GRP,Emerging Market Western Hemisphere,,,,,
30,303116,302785,1,2,3,4,5,COUGRP,EMMARK,GRP,Emerging Markets,,,Emerging Markets,Emerging Markets,
30,300913,302785,1,2,3,4,5,COUGRP,994,GRP,EPU/EF,,,EPU/EF,EPU/EF,
30,303254,302785,1,2,3,4,5,COUGRP,H270,GRP,EU Acceding Countries,,,,EU Acceding Countries,
30,300943,302785,1,2,3,4,5,COUGRP,903,GRP,Emerging and Developing Europe,,,Emerging and Developing Europe,Emerging and Developing Europe,
30,303218,302785,1,2,3,4,5,COUGRP,H020,GRP,EU Countries excluding Euro Area,,,,EU Countries excl Euro Area,
30,303881,302785,1,2,3,4,5,COUGRP,BIS6F,GRP,EU Developed Countries,,,EU developed c.,EU Developed Countries,
30,303875,302785,1,2,3,4,5,COUGRP,BIS6E,GRP,EU Developing Countries,,,EU developing c.,EU Developing Countries,
30,303062,302785,1,2,3,4,5,COUGRP,E15,GRP,Eu15,,,Eu15,Eu15,
30,303068,302785,1,2,3,4,5,COUGRP,EUZ,GRP,Euro Area (OECD Zone Methodology),,,,Euro Area (OECD Zone Methodology),
30,303146,302785,1,2,3,4,5,COUGRP,995,GRP,Euro Area (WEO),,,Euro Area (WEO),Euro Area (WEO),Euro area (aggregated from member countries)
30,303260,302785,1,2,3,4,5,COUGRP,H1025,GRP,Euro Area 15,,,Euro Area 15,Euro Area 15,
30,304433,302785,1,2,3,4,5,COUGRP,106,GRP,Euro Area Non G7 Countries,,,,Euro Area Non G7 Countries,
30,300799,302785,1,2,3,4,5,COUGRP,170,GRP,Europe,,E1,Europe (STA),Europe (STA),
30,300967,302785,1,2,3,4,5,COUGRP,976,GRP,Europe (BIS),,,Europe (BIS),Europe (BIS),
30,300973,302785,1,2,3,4,5,COUGRP,884,GRP,Europe not specified,,,Europe n.s.,Europe not specified,
30,300979,302785,1,2,3,4,5,COUGRP,189,GRP,"Europe, not specified (BIS)",,,"Europe, n.s. (BIS)","Europe, not specified (BIS)",
30,303863,302785,1,2,3,4,5,COUGRP,BIS5K,GRP,European developed countries,,,Europ. devlpd ctries,European developed countries,
30,303224,302785,1,2,3,4,5,COUGRP,H050,GRP,European Free Trade Association Countries (EFTA),,,,EFTA Countries,
30,303923,302785,1,2,3,4,5,COUGRP,BIS5E,GRP,European reporting countries,,,Europ. rep. ctries,European reporting countries,
30,301003,302785,1,2,3,4,5,COUGRP,998,GRP,European Union,,,European Union,European Union,European Union (aggregated from member countries)
30,302641,302785,1,2,3,4,5,COUGRP,216,GRP,Export earnings: diversified,,,,Export earnings: diversified,Diversified
30,302689,302785,1,2,3,4,5,COUGRP,080,GRP,Export earnings: fuel,,,,Export earnings: fuel,Export Earnings: Fuel Countries
30,302743,302785,1,2,3,4,5,COUGRP,083,GRP,Export earnings: manufactures,,,,Export earnings: manufactures,Manufactures
30,302767,302785,1,2,3,4,5,COUGRP,092,GRP,Export earnings: nonfuel,,,,Export earnings: nonfuel,Export Earnings: Non-Fuel
30,302761,302785,1,2,3,4,5,COUGRP,089,GRP,Export earnings: primary products,,,,Export earnings: primary products,Nonfuel Primary Products
30,303049,302785,1,2,3,4,5,COUGRP,1891,GRP,Export earnings: primary products excluding Zimbabwe,,,,Export earnings: primary products excluding Zimbabwe,
30,302731,302785,1,2,3,4,5,COUGRP,084,GRP,"Export earnings: services, income, and transfers",,,,"Export earnings: services, income, and transfers","Services, Income, and Transfers"
30,302683,302785,1,2,3,4,5,COUGRP,606,GRP,External financing: net debtor countries,,,,External financing: net debtor countries,Net Debtor Countries
30,302707,302785,1,2,3,4,5,COUGRP,075,GRP,External financing: net debtor countries from diversified financing,,,,External financing: net debtor countries from diversified financing,Diversified Financing
30,302647,302785,1,2,3,4,5,COUGRP,086,GRP,External financing: net debtor countries from official financing,,,,External financing: net debtor countries from official financing,Official Financing
30,302701,302785,1,2,3,4,5,COUGRP,085,GRP,External financing: net debtor countries from private financing,,,,External financing: net debtor countries from private financing,Private Financing
30,304409,302785,1,2,3,4,5,COUGRP,BIS2D,GRP,Former Netherlands Antilles not specified,,,,,
30,303074,302785,1,2,3,4,5,COUGRP,G4E,GRP,Four Big European,,,,Four Big European,
30,301039,302785,1,2,3,4,5,COUGRP,486,GRP,Fr Middle East not specified,,,Fr Middle East n.s.,Fr Middle East not specified,
30,301045,302785,1,2,3,4,5,COUGRP,383,GRP,Fr West Indies not specified,,,Fr West Indies n.s.,Fr West Indies not specified,
30,301063,302785,1,2,3,4,5,COUGRP,896,GRP,French Countries not specified,,,French Countries ns,French Countries not specified,
30,300961,302785,1,2,3,4,5,COUGRP,120,GRP,G20,,,G20,G20,
30,301009,302785,1,2,3,4,5,COUGRP,121,GRP,G20 + European Union,,,G20 + European Union,G20 + European Union,G20 + European Union countries
30,301075,302785,1,2,3,4,5,COUGRP,119,GRP,G7,,,G7,G7,MAJOR ADVANCED ECONOMIES - G7
30,303599,302785,1,2,3,4,5,COUGRP,109,GRP,G8,,,G8,G8,G8: G7 + Russia
30,303935,302785,1,2,3,4,5,COUGRP,450,GRP,Gulf Cooperation Council (GCC),,,GCC,Gulf Cooperation Council (GCC),
30,301195,302785,1,2,3,4,5,COUGRP,711,GRP,Heavily Indebted Poor Countries (HIPC),,,HIPC,HIPC,Heavily Indebted Poor Countries
30,301201,302785,1,2,3,4,5,COUGRP,710,GRP,HIPC (Decision Point Countries),,,HIPC (Decis Pt Ctys),HIPC (Decision Point Ctys),HIPC (Decision Point Countries)
30,303605,302785,1,2,3,4,5,COUGRP,103,GRP,Industrial Asia,,,Industrial Asia,Industrial Asia,
30,301261,302785,1,2,3,4,5,COUGRP,101,GRP,Industrial Countries (STA),,,Industrial Countries,Industrial Countries,
30,303894,302785,1,2,3,4,5,COUGRP,BIS7I,GRP,Japan Non-Offshore Market,,,Jap. non-offshr mrkt,Japan non-offshore market,
30,303900,302785,1,2,3,4,5,COUGRP,BIS7H,GRP,Japan Offshore Market,,,Japan offshr market,Japan offshore market,
30,303906,302785,1,2,3,4,5,COUGRP,BIS7J,GRP,Japan Offshore Market Residents,,,JapanOffshrMarketRes,Japan offshore market residents,
30,301399,302785,1,2,3,4,5,COUGRP,047,GRP,Landlocked Non-Res. Intensive Countries,,,Landlocked NRI Cties,Landlocked Non-Res. Intensive Cties,Landlocked Non-Resource Intensive Countries
30,303230,302785,1,2,3,4,5,COUGRP,H220,GRP,Latin America,,,,Latin America,
30,301423,302785,1,2,3,4,5,COUGRP,211,GRP,Latin America & Caribbean,,,Latin Amer.& Caribb.,Latin Amer.& Caribb.,
30,301411,302785,1,2,3,4,5,COUGRP,394,GRP,Latin America & Caribbean not specified (BIS),,,Lat.Am/Carib ns(BIS),Lat.Am/Carib not specified (BIS),
30,302719,302785,1,2,3,4,5,COUGRP,204,GRP,Least developed countries (based on UN classification),,,,Least developed countries (based on UN classification),Least Developed Countries
30,304577,302785,1,2,3,4,5,COUGRP,775,GRP,Low Income and Fragile Countries,,,Low Income and Fragile Countries,Low Income and Fragile Countries,
30,300049,302785,1,2,3,4,5,COUGRP,502,GRP,Low Income and Small Countries: Asia & Pacific,,,Low Income and Small Countries: Asia & Pacific,Low Income and Small Countries: Asia & Pacific,Asia excluding Japan and China including NIEs
30,303611,302785,1,2,3,4,5,COUGRP,520,GRP,Low Income and Small Countries: Asia & Pacific (Excluding Brunei Darussalam),,,Low Income and Small Countries: Asia & Pacific (Excluding Brunei Darussalam),Low Income and Small Countries: Asia & Pacific (Excluding Brunei Darussalam),
30,303617,302785,1,2,3,4,5,COUGRP,508,GRP,Low Income and Small Countries: East Asia,,,Low Income and Small Countries: East Asia,Low Income and Small Countries: East Asia,
30,303623,302785,1,2,3,4,5,COUGRP,580,GRP,Low Income and Small Countries: East Asia (Excluding Brunei Darussalam),,,Low Income and Small Countries: East Asia (Excluding Brunei Darussalam),Low Income and Small Countries: East Asia (Excluding Brunei Darussalam),
30,303629,302785,1,2,3,4,5,COUGRP,515,GRP,Low Income and Small Countries: Pacific Island Countries,,,Low Income and Small Countries: Pacific Island Countries,Low Income and Small Countries: Pacific Island Countries,
30,303635,302785,1,2,3,4,5,COUGRP,506,GRP,Low Income and Small Countries: South Asia,,,Low Income and Small Countries: South Asia,Low Income and Small Countries: South Asia,
30,304499,302785,1,2,3,4,5,COUGRP,230,GRP,Low-Income Asia,,,Low-Income Asia,,
30,304505,302785,1,2,3,4,5,COUGRP,229,GRP,Low-Income Countries,,,Low-Income Countries,,
30,304511,302785,1,2,3,4,5,COUGRP,651,GRP,SSA low-income countries excluding fragile countries,,,"Low-income Countries, excluding Fragile (SSA)",,
30,304517,302785,1,2,3,4,5,COUGRP,231,GRP,Low-Income Latin America,,,Low-Income Latin America,,
30,304523,302785,1,2,3,4,5,COUGRP,235,GRP,Low-Income Oil Producers,,,Low-Income Oil Producers,,
30,304529,302785,1,2,3,4,5,COUGRP,234,GRP,Low-Income Others,,,Low-Income Others,,
30,304535,302785,1,2,3,4,5,COUGRP,232,GRP,Low-Income Sub-Saharan Africa,,,Low-Income Sub-Saharan Africa,,
30,303080,302785,1,2,3,4,5,COUGRP,A5M,GRP,Major Five Asia,,,Major Five Asia,Major Five Asia,
30,303941,302785,1,2,3,4,5,COUGRP,460,GRP,MCD Maghreb,,,MCD Maghreb,MCD Maghreb,
30,303947,302785,1,2,3,4,5,COUGRP,470,GRP,MCD Mashreq,,,MCD Mashreq,MCD Mashreq,
30,303965,302785,1,2,3,4,5,COUGRP,441,GRP,MCD MENA (excluding Pakistan and Afghanistan),,,MCDMENA exclPak&Afg,MCD MENA (excl. Pakistan & Afghanistan),
30,301591,302785,1,2,3,4,5,COUGRP,440,GRP,"Middle East, North Africa, Afghanistan, and Pakistan",,,MENAP,MENAP,"Middle East, North Africa, Afghanistan and Pakistan"
30,303959,302785,1,2,3,4,5,COUGRP,444,GRP,"MCD MENA (including Pakistan and Afghanistan), Oil Exporters",,,MCDMENAP OilExporter,"MCD MENA (incl. Pak. & Afg.), Oil Exporters",
30,303953,302785,1,2,3,4,5,COUGRP,442,GRP,"MCD MENA (including Pakistan and Afghanistan), Oil Importers",,,MCDMENAP OilImporter,"MCD MENA (incl. Pak. & Afg.), Oil Importers",
30,301603,302785,1,2,3,4,5,COUGRP,405,GRP,Middle East,,,Middle East,Middle East,
30,303248,302785,1,2,3,4,5,COUGRP,H280,GRP,Middle East and Africa,,,,Middle East and Africa,
30,301597,302785,1,2,3,4,5,COUGRP,400,GRP,Middle East and Central Asia (all countries),,,Mid.East&Cent.Asia,Mid.East & Cent.Asia (all countries),
30,303983,302785,1,2,3,4,5,COUGRP,430,GRP,"Middle East and Central Asia, Emerging Markets",,,MCD Emerg. Markets,"Mid.East & Cent.Asia, emerg. Markets",
30,303977,302785,1,2,3,4,5,COUGRP,420,GRP,"Middle East and Central Asia, Low-income Countries",,,MCD LIC,"Mid.East & Cent.Asia, low income",
30,303971,302785,1,2,3,4,5,COUGRP,410,GRP,"Middle East and Central Asia, Oil Exporters",,,MCD Oil Exporters,"Mid.East & Cent.Asia, oil exporters",
30,302629,302785,1,2,3,4,5,COUGRP,406,GRP,Middle East and North Africa,,,,Middle East and North Africa,Middle East and North Africa
30,301615,302785,1,2,3,4,5,COUGRP,489,GRP,Middle East not specified,,,Middle East n.s.,Middle East not specified,
30,302431,302785,1,2,3,4,5,COUGRP,789,GRP,Monetary Union of West Africa,,,UMOA,UMOA,
30,301567,302785,1,2,3,4,5,COUGRP,048,GRP,SSA Multilateral Debt Relief Initiative Countries (MDRI),,,MDRI Countries,MDRI Countries,
30,301669,302785,1,2,3,4,5,COUGRP,130,GRP,NAFTA,,,NAFTA,NAFTA,
30,303019,302785,1,2,3,4,5,COUGRP,16061,GRP,Net debtor countries (excluding Zimbabwe),,,,Net debtor countries (excluding Zimbabwe),
30,302653,302785,1,2,3,4,5,COUGRP,087,GRP,Net debtor countries with arrears and/or reschedulings during 2001-05,,,,Net debtor countries with arrears and/or reschedulings during 2001-05,Countries with Arrears and/or Rescheduling During 1999-2003
30,303055,302785,1,2,3,4,5,COUGRP,1871,GRP,Net debtor countries with arrears and/or reschedulings during 2001-05: excluding Zimbabwe,,,,,
30,302749,302785,1,2,3,4,5,COUGRP,203,GRP,Newly Industrialized Asia,,,Newly Industrialized Asia,Newly Industrialized Asia,Newly industrialized Asian economies
30,303236,302785,1,2,3,4,5,COUGRP,H245,GRP,Newly Industrialized Countries,,,,Newly Industrialized Countries,
30,304601,302785,1,2,3,4,5,COUGRP,BIS5X,GRP,Non-BIS reporting countries,,,,,
30,302695,302785,1,2,3,4,5,COUGRP,909,GRP,Non-CFA countries,,,,Non-CFA countries,Non-CFA Countries
30,303031,302785,1,2,3,4,5,COUGRP,19091,GRP,Non-CFA countries (excluding Zimbabwe),,,,Non-CFA countries (excluding Zimbabwe),
30,304445,302785,1,2,3,4,5,COUGRP,BIS5G,GRP,Non-European reporting countries,,,Non-Europ. report. ctrs.,Non-European reporting countries,
30,303013,302785,1,2,3,4,5,COUGRP,1921,GRP,Non-fuel (excluding Zimbabwe),,,,Nonfuel (excluding Zimbabwe),
30,303504,302785,1,2,3,4,5,COUGRP,NLAT,GRP,Non-Latin America,,,,,
30,303086,302785,1,2,3,4,5,COUGRP,NOC,GRP,Non-OECD,,,Non-OECD,Non-OECD,
30,301741,302785,1,2,3,4,5,COUGRP,201,GRP,Non-Oil Develop. Countries,,,Non-Oil Develop.Ctys,Non-Oil Develop.Ctys,
30,301747,302785,1,2,3,4,5,COUGRP,044,GRP,Non-Oil Resource Intensive Countries,,,Non-Oil Res.Intens.C,Non-Oil Resource Intensive Countries,Non-Oil Resource Intensive Countries
30,303278,302785,1,2,3,4,5,COUGRP,049,GRP,"NON-OIL RESOURCE INTENSIVE COUNTRIES, EXCLUDING SAO TOME & PRINCIPE",,,,,
30,303809,302785,1,2,3,4,5,COUGRP,BIS4K,GRP,Non-OPEC Least Developed Countries,,,Non-opec ldcs,Non-opec ldcs,
30,304421,302785,1,2,3,4,5,COUGRP,NRES,GRP,Non-residents,,,Non-residents,Non-residents,
30,301753,302785,1,2,3,4,5,COUGRP,045,GRP,Non-Resource Intensive Countries,,,Non-Res.Intens.Cties,Non-Resource Intensive Countries,Non-Resource Intensive Countries
30,304091,302785,1,2,3,4,5,COUGRP,641,GRP,North Africa (CDIS),,,,,"CDIS, North Africa"
30,304097,302785,1,2,3,4,5,COUGRP,225,GRP,North America (CDIS),,,"CDIS, North America",North America CDIS,North America CDIS
30,304067,302785,1,2,3,4,5,COUGRP,226,GRP,North Atlantic and Caribbean,,,N. Atlantic & Caribbean,North Atlantic and Caribbean,"CDIS, N. Atlantic & Caribbean"
30,301783,302785,1,2,3,4,5,COUGRP,105,GRP,Northern America,,,Northern America,Northern America,
30,303510,302785,1,2,3,4,5,COUGRP,NEUR,GRP,Northwest Europe,,,,,
30,301807,302785,1,2,3,4,5,COUGRP,800,GRP,Oceania,,,Oceania,Oceania,
30,304103,302785,1,2,3,4,5,COUGRP,837,GRP,Oceania and Polar Regions (CDIS),,,"CDIS, Oceania/Polar",,Oceania and Polar Region CDIS
30,301813,302785,1,2,3,4,5,COUGRP,892,GRP,Oceania not specified,,,Oceania n.s.,Oceania not specified,
30,303110,302785,1,2,3,4,5,COUGRP,OTL,GRP,OECD - Total Less High Inflation,,,,OECD - Total Less High Inflation,
30,303104,302785,1,2,3,4,5,COUGRP,ONM,GRP,OECD + Major Six Nme,,,,OECD + Major Six Nme,
30,303092,302785,1,2,3,4,5,COUGRP,OEE,GRP,"OECD, Eastern Europe",,,,"OECD, Eastern Europe",
30,301819,302785,1,2,3,4,5,COUGRP,004,GRP,"OECD, Europe",,,"OECD, Europe","OECD, Europe",
30,304481,302785,1,2,3,4,5,COUGRP,OEF,GRP,"OECD, Europe (Former; 19 Countries)",,,"OECD, Europe (Former; 19 Countries)","OECD, Europe (Former; 19 Countries)",
30,303098,302785,1,2,3,4,5,COUGRP,OEL,GRP,"OECD, Europe Excluding High Inflation",,,,"OECD, Europe Excluding High Inflation",
30,301825,302785,1,2,3,4,5,COUGRP,009,GRP,"OECD, North America",,,"OECD, North America","OECD, North America",
30,301831,302785,1,2,3,4,5,COUGRP,003,GRP,"OECD, Total",,,"OECD, Total","OECD, Total",
30,304487,302785,1,2,3,4,5,COUGRP,OTF,GRP,"OECD, Total (Former)",,,"OECD, Total (Former)","OECD, Total (Former)",
30,301837,302785,1,2,3,4,5,COUGRP,989,GRP,Offshore Countries (BIS),,,Offshore Cntrs (BIS),Offshore Cntrs (BIS),
30,301843,302785,1,2,3,4,5,COUGRP,999,GRP,Oil Exporting Countries (STA),,,Oil Exporting Ctys (STA),Oil Exporting Ctys (STA),
30,301849,302785,1,2,3,4,5,COUGRP,699,GRP,SSA oil-exporting countries,,,Oil-exp. countries,Oil-exporting countries,Oil-exporting countries
30,301855,302785,1,2,3,4,5,COUGRP,697,GRP,SSA oil-importing countries,NOA,,Oil-imp. countries,Oil-importing countries,Oil-importing countries
30,304541,302785,1,2,3,4,5,COUGRP,650,GRP,SSA oil-importing countries excluding South Africa,,,,,
30,303516,302785,1,2,3,4,5,COUGRP,OPEC,GRP,OPEC countries,,,,,
30,302671,302785,1,2,3,4,5,COUGRP,997,GRP,Organization for Economic Cooperation and Development (OECD) (WEO),,,,Organization for Economic Cooperation and Development (OECD) (WEO),OECD
30,302725,302785,1,2,3,4,5,COUGRP,123,GRP,Other advanced economies,,,Other advanced economies,Other advanced economies,Other Advanced Economies
30,302635,302785,1,2,3,4,5,COUGRP,591,GRP,Other Asian emerging markets - Asian emerging markets excluding crisis countries and Hong Kong SA,,,,Other Asian emerging markets - Asian emerging markets excluding crisis countries and Hong Kong SA,
30,301867,302785,1,2,3,4,5,COUGRP,386,GRP,Other Cent America not specified,,,Oth Cent America ns,Oth Cent America not specified,
30,301885,302785,1,2,3,4,5,COUGRP,810,GRP,Other Countries,,,Other Countries,Other Countries,
30,300721,302785,1,2,3,4,5,COUGRP,982,GRP,Other Countries Confidential,,,Oth.Ctys.Conf.,Other Countries Confidential,Other Countries. Confidential
30,301891,302785,1,2,3,4,5,COUGRP,910,GRP,Other Countries n.i.e.,,,Other Countries nie,Other Countries n.i.e.,
30,300715,302785,1,2,3,4,5,COUGRP,983,GRP,"Other Countries, not specified",,,"Oth. Ctys,n.s.","Other Countries, not specified","Other Countries, not specified"
30,301897,302785,1,2,3,4,5,COUGRP,160,GRP,Other Devel Areas,,,Other Devel Areas,Other Devel Areas,
30,301879,302785,1,2,3,4,5,COUGRP,102,GRP,Other Developed (BIS),,,Oth. Developed (BIS),Oth. Developed (BIS),
30,303001,302785,1,2,3,4,5,COUGRP,1202,GRP,Other emerging market and developing countries (excluding Zimbabwe),,,,Other emerging market and developing countries (excluding Zimbabwe),
30,304109,302785,1,2,3,4,5,COUGRP,972,GRP,Other European Economies (CDIS),,,"CDIS, Othr Europe",Other European Economies CDIS,Other European Countries CDIS
30,301903,302785,1,2,3,4,5,COUGRP,970,GRP,Other Holders,,,Other Holders,Other Holders,
30,304115,302785,1,2,3,4,5,COUGRP,454,GRP,Other Near and Middle East Economies (CDIS),,,"CDIS, Othr ME Econ.",,Other Near and Middle East Countries CDIS
30,304121,302785,1,2,3,4,5,COUGRP,452,GRP,Other Persian Gulf Countries (CDIS),,,"CDIS, Oth Persian cn",,
30,301873,302785,1,2,3,4,5,COUGRP,389,GRP,Other South America not specified,,,Oth South America ns,Oth South America not specified,
30,301909,302785,1,2,3,4,5,COUGRP,883,GRP,Other Western Europe,,,Other Western Europe,Other Western Europe,
30,303522,302785,1,2,3,4,5,COUGRP,PERGU,GRP,Persian Gulf countries,,,,,
30,301981,302785,1,2,3,4,5,COUGRP,796,GRP,Portuguese Africa not specified,,,Portuguese Africa ns,Portuguese Africa not specified,
30,301987,302785,1,2,3,4,5,COUGRP,030,GRP,Poverty Reduction and Growth Facility (PRGF) Eligible Countries,,,PRGF Eligible Ctys,PRGF Eligible Ctys,
30,303025,302785,1,2,3,4,5,COUGRP,1851,GRP,Private financing (excluding Zimbabwe),,,,Private financing (excluding Zimbabwe),
30,303749,302785,1,2,3,4,5,COUGRP,BIS1E,GRP,Residents,,,Residents (BIS),Residents (BIS),
30,302005,302785,1,2,3,4,5,COUGRP,043,GRP,Resource Intensive Countries,,,Res. Intensive Cties,Resource Intensive Countries,Resource Intensive Countries
30,304415,302785,1,2,3,4,5,COUGRP,ROW,GRP,Rest of the World,,,,,
30,302059,302785,1,2,3,4,5,COUGRP,608,GRP,SACCA excluding South Africa,,,SACCA exc.South Afr.,SACCA exc.South Afr.,
30,302107,302785,1,2,3,4,5,COUGRP,985,GRP,SDRs,,,SDRs,SDRs,
30,302053,302785,1,2,3,4,5,COUGRP,198,GRP,South African Common Customs Area (SACCA),,,SACCA,SACCA,
30,304127,302785,1,2,3,4,5,COUGRP,227,GRP,South America (CDIS),,,"CDIS, South America",South America CDIS,South America CDIS
30,302065,302785,1,2,3,4,5,COUGRP,757,GRP,Southern African Customs Union (SACU),,,SACU,SACU,SACU
30,303528,302785,1,2,3,4,5,COUGRP,756,GRP,Southern African Custom's Union (SACU) excluding Zimbabwe,,,,,
30,302071,302785,1,2,3,4,5,COUGRP,763,GRP,Southern African Development Community (SADC),,,SADC,SADC,SADC
30,303428,302785,1,2,3,4,5,COUGRP,765,GRP,Southern African Development Community (SADC) excluding Zimbabwe,,,,,
30,303320,302785,1,2,3,4,5,COUGRP,617,GRP,"Sub-Saharan Africa excluding Nigeria, South Africa and Zimbabwe",,,,,"SSA excluding Nigeria, South Africa, and Zimbabwe"
30,303314,302785,1,2,3,4,5,COUGRP,615,GRP,"SSA excluding Nigeria, South Africa, Zimbabwe, and Sao Tome & Principe",,,,,
30,303302,302785,1,2,3,4,5,COUGRP,610,GRP,SSA excluding Sao Tome & Principe,,,,,
30,303308,302785,1,2,3,4,5,COUGRP,613,GRP,SSA excluding Sao Tome & Principe and Zimbabwe,,,,,
30,303296,302785,1,2,3,4,5,COUGRP,602,GRP,Sub-Saharan Africa excluding Zimbabwe,,,,,SSA excluding Zimbabwe
30,302911,302785,1,2,3,4,5,COUGRP,16041,GRP,"Sub-Sahara excluding Nigeria, South Africa, and Zimbawe",,,,"Sub-Sahara excluding Nigeria, South Africa, and Zimbawe",
30,302245,302785,1,2,3,4,5,COUGRP,603,GRP,Sub-Saharan Africa,,,Sub-Saharan Africa,Sub-Saharan Africa,Sub-Saharan Africa (SSA)
30,304133,302785,1,2,3,4,5,COUGRP,653,GRP,Sub-Saharan Africa (CDIS),,,"CDIS, Sub-Sahara Afr",Sub-Saharan Africa CDIS,Sub-Saharan Africa CDIS
30,302251,302785,1,2,3,4,5,COUGRP,604,GRP,Sub-Saharan Africa excluding Nigeria and South Africa,,,Sub-Saharan Africa,Sub-Saharan Africa excl ZAF and NGA,Sub-Saharan Africa excluding South Africa and Nigeria
30,304547,302785,1,2,3,4,5,COUGRP,649,GRP,Sub-Saharan Africa excluding South Sudan,,,,,
30,304553,302785,1,2,3,4,5,COUGRP,658,GRP,"Sub-Saharan Africa, excluding Top 5 Economies",,,,,
30,304559,302785,1,2,3,4,5,COUGRP,659,GRP,"Sub-Saharan Africa, excluding Top and Weakest 5 Economies",,,,,
30,304565,302785,1,2,3,4,5,COUGRP,655,GRP,Top 5 Economies in Terms of PPPGDP (SSA),,,,,
30,302353,302785,1,2,3,4,5,COUGRP,601,GRP,Total Africa,,,Total Africa,Total Africa,Total Africa (geographical including Egypt)
30,302359,302785,1,2,3,4,5,COUGRP,096,GRP,Total Intl and Reg,,,Total Intl and Reg,Total Intl and Reg,
30,300391,302785,1,2,3,4,5,COUGRP,990,GRP,Total Reporting Countries,BIQ,BI,Total Rep. Countries,Total Reporting Countries,BIS Reporting Countries (Locational Banking Statistics)
30,304469,302785,1,2,3,4,5,COUGRP,076,GRP,Total Reporting Countries (Average),,,,,
30,304439,302785,1,2,3,4,5,COUGRP,104,GRP,"U.S., Japan, Canada, UK",,,"U.S., Japan, Canada, UK","U.S., Japan, Canada, UK",
30,302443,302785,1,2,3,4,5,COUGRP,016,GRP,Unallocated (BIS),,,Unallocated (BIS),Unallocated (BIS),
30,303779,302785,1,2,3,4,5,COUGRP,BIS5H,GRP,Unallocated BIS Reporting Countries,,,Unalloc. BIS rep. c.,Unallocated BIS reporting countries,
30,302437,302785,1,2,3,4,5,COUGRP,897,GRP,Unallocated Borrowers,,,Unalloc. Borrowers,Unalloc. Borrowers,
30,304583,302785,1,2,3,4,5,COUGRP,BIS5W,GRP,Unallocated non-BIS reporting countries,,,,,
30,304571,302785,1,2,3,4,5,COUGRP,657,GRP,Weakest 5 Economies (SSA),,,,,
30,303534,302785,1,2,3,4,5,COUGRP,WAFR,GRP,West Africa,,,,,
30,302515,302785,1,2,3,4,5,COUGRP,759,GRP,West African Economic and Monetary Union (WAEMU),WEU,,WAEMU,WAEMU,West African Economic Monetary Union
30,303272,302785,1,2,3,4,5,COUGRP,H100,GRP,Western Europe (EU15 + EFTA),,,Western Europe {EU15 + EFTA},Western Europe {EU15 + EFTA},
30,302545,302785,1,2,3,4,5,COUGRP,240,GRP,Western Hem. Dept,,,Western Hem. Dept,Western Hem. Dept,
30,302557,302785,1,2,3,4,5,COUGRP,205,GRP,Western Hemisphere,,,Western Hemisphere,Western Hemisphere,
30,302551,302785,1,2,3,4,5,COUGRP,399,GRP,Western Hemisphere not specified,,,Western Hem. n.s.,Western Hem. not specified,
30,303545,302785,1,2,3,4,5,COUGRP,WMED,GRP,Western Mediterranean,,,,,
30,302581,302785,1,2,3,4,5,COUGRP,001,GRP,World,,,World,World,
30,303551,302785,1,2,3,4,5,COUGRP,WLDEXJ,GRP,World (excluding Japan),,,,,
30,302995,302785,1,2,3,4,5,COUGRP,1003,GRP,World (excluding Zimbabwe),,,,World (excluding Zimbabwe),
30,304427,,1,2,3,4,5,COUGRP,IIO,,Institutions and International Organizations,,,,,
30,300223,304427,1,2,3,4,5,COUGRP,476,IIO,Arab Monetary Fund,,,Arab Monetary Fund,Arab Monetary Fund,
30,300397,304427,1,2,3,4,5,COUGRP,741,IIO,Bank Central Africa States (BEAC),,,Bk.Cen.Afr.Sts(BEAC),Bk.Cen.Afr.Sts(BEAC),
30,300385,304427,1,2,3,4,5,COUGRP,993,IIO,Bank for International Settlements (BIS),,,BIS,Bank for International Settlements,
30,300553,304427,1,2,3,4,5,COUGRP,752,IIO,Central Bank West Africa,,,Cen.Bank West Africa,Cen.Bank West Africa,
30,304397,304427,1,2,3,4,5,COUGRP,CBCU,IIO,Central Banks of Currency Unions,,,,,
30,303755,304427,1,2,3,4,5,COUGRP,BIS1G,IIO,Consortium Banks,,,Consortium banks,Consortium banks,
30,300871,304427,1,2,3,4,5,COUGRP,308,IIO,Eastern Caribbean Central Bank (ECCB),ECB,,ECCB,ECCB,
30,300985,304427,1,2,3,4,5,COUGRP,168,IIO,European Central Bank,EUC,,European Central Bk.,European Central Bk.,
30,300955,304427,1,2,3,4,5,COUGRP,977,IIO,European Monetary Institution,,,Europ.Monetary Inst.,Europ.Monetary Inst.,
30,303761,304427,1,2,3,4,5,COUGRP,BIS1L,IIO,Holdings of Long-term Securities Reserves,,,Hold.long-t.sec.res.,Holdings long-term securities res.,
30,301219,304427,1,2,3,4,5,COUGRP,996,IIO,International Bank for Reconstruction and Development (IBRD),,,IBRD,IBRD,
30,303737,304427,1,2,3,4,5,COUGRP,BIS1B,IIO,International Banking Facilities,,,Int. Bank Facilities,International Banking Facilities,
30,300727,304427,1,2,3,4,5,COUGRP,093,IIO,International Organisation + SEFER (CPIS),,,"CPIS,Intl.Org.+SEFER","CPIS, Intl. Org. + SEFER",
30,301231,304427,1,2,3,4,5,COUGRP,992,IIO,International Monetary Fund (IMF),IMF,,IMF,IMF,
30,301273,304427,1,2,3,4,5,COUGRP,091,IIO,International Organizations,,,International Org,International Org,
30,303917,304427,1,2,3,4,5,COUGRP,095,IIO,"International Organizations (except BIS, ECB)",,,"Int.org. exc.BIS,ECB","Int. organizations (except BIS, ECB)",
30,301297,304427,1,2,3,4,5,COUGRP,480,IIO,Islamic Develpment Bank,,,Islamic Dev. Bank,ISLAMIC DEV. BANK,
30,303767,304427,1,2,3,4,5,COUGRP,BIS1Q,IIO,Non-Reporting Offshore,,,Non-report. offshore,Non-reporting offshore,
30,301759,304427,1,2,3,4,5,COUGRP,167,IIO,Nordic Investment Bank,,,Nordic Invest. Bank,Nordic Invest. Bank,
30,303743,304427,1,2,3,4,5,COUGRP,BIS1D,IIO,Official Monetary Authorities,,,Off. monet. author.,Official monetary authorities,
30,303791,304427,1,2,3,4,5,COUGRP,R989,IIO,Offshore Centres not specified,,,Offshore cntrs n.s.,Offshore centres not specified,
30,302203,304427,1,2,3,4,5,COUGRP,899,IIO,Special Categories,,,Special Categories,Special Categories,
30,303773,304427,1,2,3,4,5,COUGRP,BIS6L,IIO,US Banks in Panama (for reporting only),,,USBks Panama RepOnly,US banks in Panama rep. only,
30,303731,304427,1,2,3,4,5,COUGRP,BIS1A,IIO,US Branches in Offshore Centres,,,USbrnch offshr cntrs,US branches in offshore centres,
30,303893,,1,2,3,4,5,COUGRP,UNKNOWN,,Unknown,,,,,
